year,province,area_name,working_address,city,district,department_code,position_code,department_system,department,sub_department,position_name,major_requirement,degree_requirement,employ_count,employ_count_desc,interview_ratio,remark,competition_ratio,system_ratio,department_ratio,enrollment_count
2026,山东,博山区,山东 淄博市 博山区,淄博市,博山区,,13703003001000001,党委组织部,淄博市博山区委组织部,博山区纪委监委机关,纪检监察职位,本科：法学类；研究生：法学（0301）,本科及以上,1,1,,身体健康，能适应经常出差，建议男性报考。除符合公告规定的回避关系外，近亲属为本级或上一级纪检监察机关重点监督对象或在本级纪检监察机关工作的，也不得报考,,,,
2026,山东,博山区,山东 淄博市 博山区,淄博市,博山区,,13703003002000001,党委组织部,淄博市博山区委组织部,共青团博山区委,青年事务管理职位,本科：经济学（02），工商管理类；研究生：经济学（02），工商管理学一级学科,本科及以上,1,1,,,,,,
2026,山东,博山区,山东 淄博市 博山区,淄博市,博山区,,13703003003000001,党委组织部,淄博市博山区委组织部,博山区人民政府办公室,行政管理职位,本科：经济学（02），法学（03），文学（05），管理学（12）；研究生：经济学（02），法学（03），文学（05），管理学（12）,本科及以上,1,1,,,,,,
2026,山东,博山区,山东 淄博市 博山区,淄博市,博山区,,13703003004000001,党委组织部,淄博市博山区委组织部,博山区发展和改革局,经济管理职位,本科：经济学类，统计学类，管理科学与工程类；研究生：经济学（02），统计学、管理科学与工程一级学科,本科及以上,1,1,,,,,,
2026,山东,博山区,山东 淄博市 博山区,淄博市,博山区,,13703003005000001,党委组织部,淄博市博山区委组织部,博山区科学技术局,项目管理职位,本科：机械类，材料类；研究生：工学（08）,本科及以上,1,1,,,,,,
2026,山东,博山区,山东 淄博市 博山区,淄博市,博山区,,13703003006000001,党委组织部,淄博市博山区委组织部,博山区工业和信息化局,产业规划管理职位,本科：自动化类，机械类；研究生：控制科学与工程、机械工程一级学科,本科及以上,1,1,,,,,,
2026,山东,博山区,山东 淄博市 博山区,淄博市,博山区,,13703003007000001,党委组织部,淄博市博山区委组织部,博山区自然资源局,自然资源管理职位,本科：自然保护与环境生态类，林学类，公共管理类（土地资源管理、自然资源登记与管理专业）、；研究生：地理学、林学、测绘科学与技术一级学科，公共管理学一级学科（土地资源管理二级学科）、,本科及以上,1,1,,,,,,
2026,山东,博山区,山东 淄博市 博山区,淄博市,博山区,,13703003008000001,党委组织部,淄博市博山区委组织部,博山区住房和城乡建设局,工程管理职位,本科：土木类，建筑类，管理科学与工程类，公安技术类（消防工程专业）、；研究生：土木工程、建筑学、管理科学与工程一级学科,本科及以上,1,1,,,,,,
2026,山东,博山区,山东 淄博市 博山区,淄博市,博山区,,13703003009000001,党委组织部,淄博市博山区委组织部,博山区卫生健康局,卫生管理职位,本科：工商管理类，公共管理类（公共事业管理、行政管理专业）、；研究生：工商管理学、公共管理学一级学科,本科及以上,1,1,,,,,,
2026,山东,博山区,山东 淄博市 博山区,淄博市,博山区,,13703003010000001,党委组织部,淄博市博山区委组织部,博山区审计局,审计业务职位,本科：工商管理类（会计学、财务管理、审计学专业）；研究生：工商管理学一级学科（会计学、财务管理、财务学、审计学二级学科）,本科及以上,1,1,,该职位需承担一线审计任务，经常赴偏远山区、工程现场实地核查，需适应频繁中短期出差。建议男性报考,,,,
2026,山东,博山区,山东 淄博市 博山区,淄博市,博山区,,13703003011000001,党委组织部,淄博市博山区委组织部,博山区市场监督管理局,市场监管职位,本科：法学类（法学、知识产权、信用风险管理与法律防控专业），机械类（机械工程、机械设计制造及其自动化专业），食品科学与工程类（食品科学与工程、食品质量与安全专业），药学类（药学、药物制剂专业）；研究生：法学、机械工程、食品科学与工程、药学一级学科,本科及以上,1,1,,,,,,
2026,山东,博山区,山东 淄博市 博山区,淄博市,博山区,,13703003012000001,党委组织部,淄博市博山区委组织部,博山区综合行政执法大队,城市管理与执法职位,本科：法学类（法学专业），公共管理类（行政管理、城市管理专业）；研究生：法学、公共管理学一级学科,本科及以上,1,1,,,,,,
2026,山东,博山区,山东 淄博市 博山区,淄博市,博山区,,13703003013000001,党委组织部,淄博市博山区委组织部,博山区池上镇,行政管理职位A,专科：公共管理与服务大类，电子与信息大类，新闻传播大类，农林牧渔大类，旅游大类，水利大类，财经商贸大类；本科：不限；研究生：不限,专科及以上,1,1,,,,,,
2026,山东,博山区,山东 淄博市 博山区,淄博市,博山区,,13703003013000002,党委组织部,淄博市博山区委组织部,博山区池上镇,行政管理职位B,专科：公共管理与服务大类，电子与信息大类，新闻传播大类，农林牧渔大类，旅游大类，水利大类，财经商贸大类；本科：不限；研究生：不限,专科及以上,1,1,,,,,,
2026,山东,博山区,山东 淄博市 博山区,淄博市,博山区,,13703003014000001,党委组织部,淄博市博山区委组织部,博山区博山镇,行政管理职位A,不限,本科及以上,1,1,,,,,,
2026,山东,博山区,山东 淄博市 博山区,淄博市,博山区,,13703003014000002,党委组织部,淄博市博山区委组织部,博山区博山镇,行政管理职位B,不限,本科及以上,1,1,,,,,,
2026,山东,博山区,山东 淄博市 博山区,淄博市,博山区,,13703003015000001,党委组织部,淄博市博山区委组织部,博山区石马镇,行政管理职位,不限,本科及以上,1,1,,,,,,
2026,山东,博山区,山东 淄博市 博山区,淄博市,博山区,,13703003016000001,党委组织部,淄博市博山区委组织部,博山区白塔镇,行政管理职位,不限,专科及以上,1,1,,,,,,
2026,山东,博山区,山东 淄博市 博山区,淄博市,博山区,,13703003017000001,党委组织部,淄博市博山区委组织部,博山区域城镇,经济管理职位,本科：经济学（02），统计学类，计算机类；研究生：经济学（02），统计学、计算机科学与技术一级学科,本科及以上,1,1,,,,,,
2026,山东,博山区,山东 淄博市 博山区,淄博市,博山区,,13703003018000001,党委组织部,淄博市博山区委组织部,博山区城东街道,规划建设职位A,本科：土木类，建筑类，安全科学与工程类；研究生：土木工程、建筑学、安全科学与工程一级学科,本科及以上,1,1,,,,,,
2026,山东,博山区,山东 淄博市 博山区,淄博市,博山区,,13703003018000002,党委组织部,淄博市博山区委组织部,博山区城东街道,规划建设职位B,本科：土木类，建筑类，安全科学与工程类；研究生：土木工程、建筑学、安全科学与工程一级学科,本科及以上,1,1,,,,,,
2026,山东,博山区,山东 淄博市 博山区,淄博市,博山区,,13703003019000001,党委组织部,淄博市博山区委组织部,博山区城西街道,财务统计职位,本科：统计学类，工商管理类（会计学、财务管理、审计学专业）、；研究生：统计学一级学科，应用经济学一级学科（统计学二级学科）、，工商管理学一级学科（会计学、财务管理、财务学、审计学二级学科）、,本科及以上,1,1,,,,,,
2026,山东,博山区,山东 淄博市 博山区,淄博市,博山区,,13703012004000001,人民法院,淄博市中级人民法院,博山区人民法院,法官助理职位A,本科：法学专业；研究生：法学（0301），法律类,本科及以上,1,1,,通过国家统一法律职业资格考试，取得《法律职业资格证书》 (A证)资格；以研究生学历报考的，本科阶段应为普通高等学校毕业，并取得相应的学历、学位；其他要求详见2026年度山东省法院系统考试录用公务员简章,,,,
2026,山东,博山区,山东 淄博市 博山区,淄博市,博山区,,13703012004000002,人民法院,淄博市中级人民法院,博山区人民法院,法官助理职位B,本科：法学专业；研究生：法学（0301），法律类,本科及以上,1,1,,通过国家统一法律职业资格考试，取得《法律职业资格证书》 (A证)资格；以研究生学历报考的，本科阶段应为普通高等学校毕业，并取得相应的学历、学位；其他要求详见2026年度山东省法院系统考试录用公务员简章,,,,
2026,山东,博山区,山东 淄博市 博山区,淄博市,博山区,,13703013003000001,人民检察院,淄博市人民检察院,博山区人民检察院,检察官助理职位A,本科：法学类，侦查学、经济犯罪侦查、犯罪学、技术侦查学专业；研究生：法学（0301），公安学一级学科（侦查学、犯罪学二级学科），法律类，警务专业学位,本科及以上,1,1,,通过国家统一法律职业资格考试，取得A类法律职业资格证书；取得普通高等学校本科学历、学士学位；其他要求详见《2026年度山东省检察机关考试录用公务员简章》,,,,
2026,山东,博山区,山东 淄博市 博山区,淄博市,博山区,,13703013003000002,人民检察院,淄博市人民检察院,博山区人民检察院,检察官助理职位B,本科：法学类；研究生：法学（0301），法律类,本科及以上,2,2,,通过国家统一法律职业资格考试，取得A类法律职业资格证书；取得普通高等学校本科学历、学士学位；其他要求详见《2026年度山东省检察机关考试录用公务员简章》,,,,
2026,山东,博山区,山东 淄博市 博山区,淄博市,博山区,,13703013003000003,人民检察院,淄博市人民检察院,博山区人民检察院,司法警察职位,本科：法学类、公安学类；研究生：法学类、公安学一级学科,本科及以上,1,1,,年龄应当在18周岁以上、30周岁以下（1994年11月至2007年11月期间出生），2026年应届硕士、博士研究生报考的，放宽到35周岁以下（1989年11月以后出生）；符合《公务员录用体检特殊标准（试行）》对人民警察职位身体条件的要求；须参加体能测试，参照《公安机关录用人民警察体能测评项目和标准》执行；其他要求详见《2026年度山东省检察机关考试录用公务员简章》,,,,
2026,山东,博山区,山东 淄博市 博山区,淄博市,博山区,,13703015007000001,公安局,淄博市公安局,淄博市公安局博山分局,特警职位,不限,本科及以上,5,5,,1.年龄为18周岁以上、25周岁以下；2.按照招录公安机关人民警察要求开展体能测评；3.单侧裸眼视力低于4.8，不合格；4.其他要求详见2026年度山东省公安机关考试录用公务员（人民警察）简章,,,,
2026,山东,高青县,山东 淄博市 高青县,淄博市,高青县,,13703007001000001,党委组织部,淄博市高青县委组织部,高青县纪委监委机关,纪检监察职位,本科：法学类，公安学类，计算机类；研究生：法学、纪检监察学、公安学、计算机科学与技术一级学科,本科及以上,1,1,,"1.身体健康，能适应经常性出差，建议男性报考；
2.除符合公告规定的回避关系外，近亲属为本级或上一级纪检监察机关重点监督对象或在本级纪检监察机关工作的，也不得报考",,,,
2026,山东,高青县,山东 淄博市 高青县,淄博市,高青县,,13703007002000001,党委组织部,淄博市高青县委组织部,高青县教育和体育局,教育管理职位,研究生：教育学（0401）,硕士研究生及以上,1,1,,,,,,
2026,山东,高青县,山东 淄博市 高青县,淄博市,高青县,,13703007003000001,党委组织部,淄博市高青县委组织部,高青县工业和信息化局,企业监管职位,本科：机械类，材料类，电子信息类，计算机类，化工与制药类，轻工类；研究生：机械工程、材料科学与工程、电子科学与技术、计算机科学与技术、化学工程与技术、轻工技术与工程一级学科,本科及以上,1,1,,,,,,
2026,山东,高青县,山东 淄博市 高青县,淄博市,高青县,,13703007004000001,党委组织部,淄博市高青县委组织部,高青县财政局,经济管理职位,研究生：应用经济学一级学科，工商管理学一级学科（会计学、财务管理、财务学、审计学二级学科）、,硕士研究生及以上,1,1,,工作强度大，经常加班，建议男性报考,,,,
2026,山东,高青县,山东 淄博市 高青县,淄博市,高青县,,13703007005000001,党委组织部,淄博市高青县委组织部,高青县自然资源局,国土空间规划职位,本科：测绘类，建筑类，地理科学类，公共管理类（土地资源管理、自然资源登记与管理专业）、；研究生：理学（07），工学（08）,本科及以上,1,1,,,,,,
2026,山东,高青县,山东 淄博市 高青县,淄博市,高青县,,13703007006000001,党委组织部,淄博市高青县委组织部,高青县住房和城乡建设局,规划建设职位,本科：计算机类，土木类，管理科学与工程类；研究生：计算机科学与技术、土木工程、管理科学与工程一级学科,本科及以上,1,1,,,,,,
2026,山东,高青县,山东 淄博市 高青县,淄博市,高青县,,13703007007000001,党委组织部,淄博市高青县委组织部,高青县水利局,水利工程管理职位,本科：土木类，水利类；研究生：土木工程、水利工程一级学科,本科及以上,1,1,,,,,,
2026,山东,高青县,山东 淄博市 高青县,淄博市,高青县,,13703007008000001,党委组织部,淄博市高青县委组织部,高青县农业农村局,综合行政职位,本科：生物科学类，植物生产类（农学专业）、；研究生：作物学一级学科,本科及以上,1,1,,,,,,
2026,山东,高青县,山东 淄博市 高青县,淄博市,高青县,,13703007009000001,党委组织部,淄博市高青县委组织部,高青县卫生健康局,卫生管理职位,本科：基础医学类，临床医学类，公共卫生与预防医学类；研究生：基础医学、临床医学、公共卫生与预防医学一级学科,本科及以上,1,1,,,,,,
2026,山东,高青县,山东 淄博市 高青县,淄博市,高青县,,13703007010000001,党委组织部,淄博市高青县委组织部,高青县综合行政执法局,综合执法职位,不限,专科及以上,1,1,,,,,,
2026,山东,高青县,山东 淄博市 高青县,淄博市,高青县,,13703007011000001,党委组织部,淄博市高青县委组织部,高青县残联机关,行政管理职位,本科：法学类，中国语言文学类，新闻传播学类，计算机类，生物医学工程类，工商管理类，公共管理类；研究生：法学、中国语言文学、新闻传播学、计算机科学与技术、生物医学工程、工商管理学、公共管理学一级学科,本科及以上,1,1,,,,,,
2026,山东,高青县,山东 淄博市 高青县,淄博市,高青县,,13703007012000001,党委组织部,淄博市高青县委组织部,高青县粮食和物资储备服务中心,行政管理职位,本科：农业经济管理类，工商管理类，食品科学与工程类；研究生：工商管理学、食品科学与工程一级学科,本科及以上,1,1,,,,,,
2026,山东,高青县,山东 淄博市 高青县,淄博市,高青县,,13703007013000001,党委组织部,淄博市高青县委组织部,高青县应急管理综合行政执法大队,企业监管职位,本科：化学类，化工与制药类，安全科学与工程类；研究生：理学（07），工学（08）,本科及以上,1,1,,,,,,
2026,山东,高青县,山东 淄博市 高青县,淄博市,高青县,,13703007014000001,党委组织部,淄博市高青县委组织部,高青县芦湖街道,行政管理职位,不限,本科及以上,1,1,,,,,,
2026,山东,高青县,山东 淄博市 高青县,淄博市,高青县,,13703007015000001,党委组织部,淄博市高青县委组织部,高青县高城镇,规划建设职位,本科：土木类，建筑类；研究生：土木工程、建筑学一级学科,本科及以上,1,1,,,,,,
2026,山东,高青县,山东 淄博市 高青县,淄博市,高青县,,13703007016000001,党委组织部,淄博市高青县委组织部,高青县唐坊镇,农机管理职位,本科：机械类，农业工程类；研究生：机械工程、农业工程一级学科,本科及以上,1,1,,,,,,
2026,山东,高青县,山东 淄博市 高青县,淄博市,高青县,,13703007017000001,党委组织部,淄博市高青县委组织部,高青县常家镇,行政管理职位,不限,专科及以上,1,1,,,,,,
2026,山东,高青县,山东 淄博市 高青县,淄博市,高青县,,13703007018000001,党委组织部,淄博市高青县委组织部,高青县花沟镇,行政管理职位,不限,本科及以上,1,1,,,,,,
2026,山东,高青县,山东 淄博市 高青县,淄博市,高青县,,13703012008000001,人民法院,淄博市中级人民法院,高青县人民法院,法官助理职位A,本科：法学专业；研究生：法学（0301），法律类,本科及以上,1,1,,通过国家统一法律职业资格考试，取得《法律职业资格证书》（A证）资格；以研究生学历报考的，本科阶段应为普通高等学校毕业，并取得相应的学历、学位；其他要求详见2026年度山东省法院系统考试录用公务员简章,,,,
2026,山东,高青县,山东 淄博市 高青县,淄博市,高青县,,13703012008000002,人民法院,淄博市中级人民法院,高青县人民法院,法官助理职位B,本科：法学专业；研究生：法学（0301），法律类,本科及以上,1,1,,通过国家统一法律职业资格考试，取得《法律职业资格证书》（A证）资格；以研究生学历报考的，本科阶段应为普通高等学校毕业，并取得相应的学历、学位；其他要求详见2026年度山东省法院系统考试录用公务员简章,,,,
2026,山东,高青县,山东 淄博市 高青县,淄博市,高青县,,13703013007000001,人民检察院,淄博市人民检察院,高青县人民检察院,检察官助理职位,本科：法学类；研究生：法学（0301），法律类,本科及以上,1,1,,通过国家统一法律职业资格考试，取得A类法律职业资格证书；取得普通高等学校本科学历、学士学位；其他要求详见《2026年度山东省检察机关考试录用公务员简章》,,,,
2026,山东,高青县,山东 淄博市 高青县,淄博市,高青县,,13703015013000001,公安局,淄博市公安局,高青县公安局,综合文秘职位,本科：哲学类（哲学、逻辑学专业），中国语言文学类（汉语言文学、汉语言、应用语言学、秘书学、中国语言与文化、应用中文专业），新闻传播学类（新闻学专业）；研究生：哲学、理论经济学、法学、政治学、马克思主义理论、中国语言文学、新闻传播学一级学科,本科及以上,1,1,,1.年龄为18周岁以上、30周岁以下，2026年应届硕士研究生和博士研究生报考的，年龄放宽到35周岁以下；2.按照招录公安机关人民警察要求开展体能测评；3.单侧裸眼视力低于4.8，不合格；4.其他要求详见2026年度山东省公安机关考试录用公务员（人民警察）简章,,,,
2026,山东,高青县,山东 淄博市 高青县,淄博市,高青县,,13703015013000002,公安局,淄博市公安局,高青县公安局,法医职位,本科：法医学类（法医学专业）；研究生：法医学一级学科，基础医学一级学科（法医学二级学科）、,本科及以上,1,1,,1.年龄为18周岁以上、35周岁以下；2.按照招录公安机关人民警察要求开展体能测评；3.单侧矫正视力低于5.0，不合格；4.其他要求详见2026年度山东省公安机关考试录用公务员（人民警察）简章,,,,
2026,山东,高青县,山东 淄博市 高青县,淄博市,高青县,,13703015013000003,公安局,淄博市公安局,高青县公安局,网络安全与执法职位,本科：计算机类（计算机科学与技术、软件工程、信息安全、数据科学与大数据技术、网络空间安全专业），公安技术类（网络安全与执法、数据警务技术专业）；研究生：计算机科学与技术、软件工程、网络空间安全一级学科，公安技术一级学科（网络空间安全执法技术二级学科）、,本科及以上,1,1,,1.年龄为18周岁以上、30周岁以下，2026年应届硕士研究生和博士研究生报考的，年龄放宽到35周岁以下；2.按照招录公安机关人民警察要求开展体能测评；3.单侧矫正视力低于5.0，不合格；4.其他要求详见2026年度山东省公安机关考试录用公务员（人民警察）简章,,,,
2026,山东,高青县,山东 淄博市 高青县,淄博市,高青县,,13703015013000004,公安局,淄博市公安局,高青县公安局,法制职位,本科：法学类；研究生：法学（0301）,本科及以上,1,1,,1.年龄为18周岁以上、30周岁以下，2026年应届硕士研究生和博士研究生报考的，年龄放宽到35周岁以下；2.按照招录公安机关人民警察要求开展体能测评；3.单侧裸眼视力低于4.8，不合格；4.要求通过国家统一法律职业资格考试并取得A类法律职业资格证书；5.其他要求详见2026年度山东省公安机关考试录用公务员（人民警察）简章,,,,
2026,山东,桓台县,山东 淄博市 桓台县,淄博市,桓台县,,13703006001000001,党委组织部,淄博市桓台县委组织部,桓台县纪委监委机关,纪检监察职位A,本科：法学类，工商管理类（会计学、财务管理、审计学专业）、；研究生：法学，工商管理学一级学科（会计学、财务管理、财务学、审计学二级学科）、,本科及以上,1,1,,以法学类或法学一级学科报考的需通过国家统一法律职业资格考试，取得《法律职业资格证书》（A证）资格；除符合公告规定的回避关系外，近亲属为本级或上一级纪检监察机关重点监督对象或在本级纪检监察机关工作的，也不得报考,,,,
2026,山东,桓台县,山东 淄博市 桓台县,淄博市,桓台县,,13703006001000002,党委组织部,淄博市桓台县委组织部,桓台县纪委监委机关,纪检监察职位B,本科：法学类，工商管理类（会计学、财务管理、审计学专业）、；研究生：法学，工商管理学一级学科（会计学、财务管理、财务学、审计学二级学科）、,本科及以上,1,1,,以法学类或法学一级学科报考的需通过国家统一法律职业资格考试，取得《法律职业资格证书》（A证）资格；除符合公告规定的回避关系外，近亲属为本级或上一级纪检监察机关重点监督对象或在本级纪检监察机关工作的，也不得报考,,,,
2026,山东,桓台县,山东 淄博市 桓台县,淄博市,桓台县,,13703006002000001,党委组织部,淄博市桓台县委组织部,桓台县委办公室,综合文秘职位A,本科：经济学类（经济学专业），法学类（法学专业），中国语言文学类（汉语言文学专业），历史学类（历史学专业），统计学类（统计学专业）；研究生：应用经济学、法学、中国语言文学、中国史、统计学一级学科,本科及以上,1,1,,,,,,
2026,山东,桓台县,山东 淄博市 桓台县,淄博市,桓台县,,13703006002000002,党委组织部,淄博市桓台县委组织部,桓台县委办公室,综合文秘职位B,本科：经济学类（经济学专业），法学类（法学专业），中国语言文学类（汉语言文学专业），历史学类（历史学专业），统计学类（统计学专业）；研究生：应用经济学、法学、中国语言文学、中国史、统计学一级学科,本科及以上,1,1,,,,,,
2026,山东,桓台县,山东 淄博市 桓台县,淄博市,桓台县,,13703006003000001,党委组织部,淄博市桓台县委组织部,桓台县人民政府办公室,行政管理职位A,不限,本科及以上,1,1,,,,,,
2026,山东,桓台县,山东 淄博市 桓台县,淄博市,桓台县,,13703006003000002,党委组织部,淄博市桓台县委组织部,桓台县人民政府办公室,行政管理职位B,不限,本科及以上,1,1,,,,,,
2026,山东,桓台县,山东 淄博市 桓台县,淄博市,桓台县,,13703006004000001,党委组织部,淄博市桓台县委组织部,桓台县财政局,财政管理职位A,"本科：工商管理类（会计学、财务管理专业），财政学类（财政学专业），金融学类（金融学、经济与金融专业）；研究生：工商管理学一级学科（会计学、财务管理二级学科），应用经济学一级学科（财政学、金融学二级学科）",本科及以上,1,1,,,,,,
2026,山东,桓台县,山东 淄博市 桓台县,淄博市,桓台县,,13703006004000002,党委组织部,淄博市桓台县委组织部,桓台县财政局,财政管理职位B,本科：工商管理类（会计学、财务管理专业），财政学类（财政学专业），金融学类（金融学、经济与金融专业）；研究生：工商管理学一级学科（会计学、财务管理二级学科），应用经济学一级学科（财政学、金融学二级学科）,本科及以上,1,1,,,,,,
2026,山东,桓台县,山东 淄博市 桓台县,淄博市,桓台县,,13703006005000001,党委组织部,淄博市桓台县委组织部,桓台县自然资源局,土地资源管理职位,不限,专科及以上,1,1,,,,,,
2026,山东,桓台县,山东 淄博市 桓台县,淄博市,桓台县,,13703006006000001,党委组织部,淄博市桓台县委组织部,桓台县司法局,司法行政职位A,本科：法学类；研究生：法学（0301）,本科及以上,1,1,,通过国家统一法律职业资格考试，取得《法律职业资格证书》（A证）资格,,,,
2026,山东,桓台县,山东 淄博市 桓台县,淄博市,桓台县,,13703006006000002,党委组织部,淄博市桓台县委组织部,桓台县司法局,司法行政职位B,本科：法学类；研究生：法学（0301）,本科及以上,1,1,,通过国家统一法律职业资格考试，取得《法律职业资格证书》（A证）资格,,,,
2026,山东,桓台县,山东 淄博市 桓台县,淄博市,桓台县,,13703006007000001,党委组织部,淄博市桓台县委组织部,桓台县民政局,综合行政职位,本科：法学类，政治学类，社会学类，马克思主义理论类；研究生：法学、政治学、社会学、马克思主义理论一级学科,本科及以上,1,1,,,,,,
2026,山东,桓台县,山东 淄博市 桓台县,淄博市,桓台县,,13703006008000001,党委组织部,淄博市桓台县委组织部,桓台县机关事业单位登记服务中心,财务会计职位A,本科：工商管理类（会计学、财务管理专业）、；研究生：工商管理学一级学科,本科及以上,1,1,,,,,,
2026,山东,桓台县,山东 淄博市 桓台县,淄博市,桓台县,,13703006008000002,党委组织部,淄博市桓台县委组织部,桓台县机关事业单位登记服务中心,财务会计职位B,本科：工商管理类（会计学、财务管理专业）、；研究生：工商管理学一级学科,本科及以上,1,1,,,,,,
2026,山东,桓台县,山东 淄博市 桓台县,淄博市,桓台县,,13703006009000001,党委组织部,淄博市桓台县委组织部,桓台县粮食和物资储备事务服务中心,粮食管理职位,本科：经济学类，统计学类，工商管理类；研究生：应用经济学、统计学、工商管理学一级学科,本科及以上,1,1,,,,,,
2026,山东,桓台县,山东 淄博市 桓台县,淄博市,桓台县,,13703006010000001,党委组织部,淄博市桓台县委组织部,桓台县非公有制经济发展中心,工业企业管理职位,本科：化工与制药类；研究生：化学工程与技术一级学科,本科及以上,1,1,,,,,,
2026,山东,桓台县,山东 淄博市 桓台县,淄博市,桓台县,,13703006011000001,党委组织部,淄博市桓台县委组织部,桓台县城乡规划发展中心,规划管理服务职位A,本科：地理科学类，建筑类；研究生：地理学、建筑学、城乡规划学一级学科,本科及以上,1,1,,,,,,
2026,山东,桓台县,山东 淄博市 桓台县,淄博市,桓台县,,13703006011000002,党委组织部,淄博市桓台县委组织部,桓台县城乡规划发展中心,规划管理服务职位B,本科：地理科学类，建筑类；研究生：地理学、建筑学、城乡规划学一级学科,本科及以上,1,1,,,,,,
2026,山东,桓台县,山东 淄博市 桓台县,淄博市,桓台县,,13703006012000001,党委组织部,淄博市桓台县委组织部,桓台县农业机械事业服务中心,农机管理职位A,本科：机械类，工商管理类（会计学、财务管理、审计学专业）、；研究生：机械工程一级学科，工商管理学一级学科（会计学、财务管理、财务学、审计学二级学科）、,本科及以上,1,1,,,,,,
2026,山东,桓台县,山东 淄博市 桓台县,淄博市,桓台县,,13703006012000002,党委组织部,淄博市桓台县委组织部,桓台县农业机械事业服务中心,农机管理职位B,本科：机械类，工商管理类（会计学、财务管理、审计学专业）、；研究生：机械工程一级学科，工商管理学一级学科（会计学、财务管理、财务学、审计学二级学科）、,本科及以上,1,1,,,,,,
2026,山东,桓台县,山东 淄博市 桓台县,淄博市,桓台县,,13703006013000001,党委组织部,淄博市桓台县委组织部,桓台县应急管理综合行政执法大队,安全生产监管执法职位A,本科：法学类，化学类，化工与制药类，安全科学与工程类；研究生：法学、化学、化学工程与技术、安全科学与工程一级学科,本科及以上,1,1,,,,,,
2026,山东,桓台县,山东 淄博市 桓台县,淄博市,桓台县,,13703006013000002,党委组织部,淄博市桓台县委组织部,桓台县应急管理综合行政执法大队,安全生产监管执法职位B,不限,专科及以上,1,1,,,,,,
2026,山东,桓台县,山东 淄博市 桓台县,淄博市,桓台县,,13703006014000001,党委组织部,淄博市桓台县委组织部,桓台县市场监督管理综合行政执法大队,综合执法职位,本科：法学类；研究生：法学（0301）,本科及以上,1,1,,,,,,
2026,山东,桓台县,山东 淄博市 桓台县,淄博市,桓台县,,13703006014000002,党委组织部,淄博市桓台县委组织部,桓台县市场监督管理综合行政执法大队,特种设备安全监管职位,本科：化学类，机械类；研究生：化学、机械工程一级学科,本科及以上,1,1,,,,,,
2026,山东,桓台县,山东 淄博市 桓台县,淄博市,桓台县,,13703006015000001,党委组织部,淄博市桓台县委组织部,桓台县索镇街道,规划建设监督管理A,本科：建筑类；研究生：建筑学一级学科,本科及以上,1,1,,,,,,
2026,山东,桓台县,山东 淄博市 桓台县,淄博市,桓台县,,13703006015000002,党委组织部,淄博市桓台县委组织部,桓台县索镇街道,规划建设监督管理B,本科：建筑类；研究生：建筑学一级学科,本科及以上,1,1,,,,,,
2026,山东,桓台县,山东 淄博市 桓台县,淄博市,桓台县,,13703006015000003,党委组织部,淄博市桓台县委组织部,桓台县索镇街道,应急安全管理职位,本科：安全科学与工程类；研究生：安全科学与工程一级学科,本科及以上,1,1,,,,,,
2026,山东,桓台县,山东 淄博市 桓台县,淄博市,桓台县,,13703006016000001,党委组织部,淄博市桓台县委组织部,桓台县唐山镇,安全环保监管职位,本科：化学类（化学、应用化学专业），化工与制药类（化学工程与工艺、化工安全工程、精细化工专业）；研究生：化学、化学工程与技术一级学科,本科及以上,1,1,,,,,,
2026,山东,桓台县,山东 淄博市 桓台县,淄博市,桓台县,,13703006017000001,党委组织部,淄博市桓台县委组织部,桓台县田庄镇,农业农村服务职位,本科：机械类（机械工程、机械设计制造及其自动化、材料成型及控制工程、工业设计、机械工艺技术、智能制造工程专业），农业工程类（农业工程、农业机械化及其自动化、农业水利工程专业），植物生产类（农学、设施农业科学与工程、菌物科学与工程、农药化肥专业）；研究生：机械工程、农业工程、作物学、园艺学、植物保护一级学科,本科及以上,2,2,,,,,,
2026,山东,桓台县,山东 淄博市 桓台县,淄博市,桓台县,,13703006017000002,党委组织部,淄博市桓台县委组织部,桓台县田庄镇,综合行政职位,不限,本科及以上,1,1,,安置地须为山东省,,,,
2026,山东,桓台县,山东 淄博市 桓台县,淄博市,桓台县,,13703006018000001,党委组织部,淄博市桓台县委组织部,桓台县马桥镇,安全环境监管职位,本科：化学类，化工与制药类，环境科学与工程类，安全科学与工程类；研究生：化学、化学工程与技术、环境科学与工程、安全科学与工程一级学科,本科及以上,1,1,,,,,,
2026,山东,桓台县,山东 淄博市 桓台县,淄博市,桓台县,,13703006018000002,党委组织部,淄博市桓台县委组织部,桓台县马桥镇,园区发展建设职位A,本科：法学类，化学类，化工与制药类，环境科学与工程类，建筑类，安全科学与工程类；研究生：法学、化学、建筑学、化学工程与技术、环境科学与工程、安全科学与工程一级学科,本科及以上,1,1,,,,,,
2026,山东,桓台县,山东 淄博市 桓台县,淄博市,桓台县,,13703006018000003,党委组织部,淄博市桓台县委组织部,桓台县马桥镇,园区发展建设职位B,本科：法学类，化学类，化工与制药类，环境科学与工程类，建筑类，安全科学与工程类；研究生：法学、化学、建筑学、化学工程与技术、环境科学与工程、安全科学与工程一级学科,本科及以上,1,1,,,,,,
2026,山东,桓台县,山东 淄博市 桓台县,淄博市,桓台县,,13703006019000001,党委组织部,淄博市桓台县委组织部,桓台县起凤镇,行政管理职位A,本科：计算机类；研究生：计算机科学与技术一级学科,本科及以上,1,1,,,,,,
2026,山东,桓台县,山东 淄博市 桓台县,淄博市,桓台县,,13703006019000002,党委组织部,淄博市桓台县委组织部,桓台县起凤镇,行政管理职位B,本科：计算机类；研究生：计算机科学与技术一级学科,本科及以上,1,1,,,,,,
2026,山东,桓台县,山东 淄博市 桓台县,淄博市,桓台县,,13703006020000001,党委组织部,淄博市桓台县委组织部,桓台县果里镇,行政管理职位A,不限,本科及以上,1,1,,,,,,
2026,山东,桓台县,山东 淄博市 桓台县,淄博市,桓台县,,13703006020000002,党委组织部,淄博市桓台县委组织部,桓台县果里镇,行政管理职位B,不限,本科及以上,1,1,,,,,,
2026,山东,桓台县,山东 淄博市 桓台县,淄博市,桓台县,,13703006021000001,党委组织部,淄博市桓台县委组织部,桓台县少海街道,行政管理职位A,不限,本科及以上,1,1,,,,,,
2026,山东,桓台县,山东 淄博市 桓台县,淄博市,桓台县,,13703006021000002,党委组织部,淄博市桓台县委组织部,桓台县少海街道,行政管理职位B,不限,本科及以上,1,1,,,,,,
2026,山东,桓台县,山东 淄博市 桓台县,淄博市,桓台县,,13703012007000001,人民法院,淄博市中级人民法院,桓台县人民法院,法官助理职位A,本科：法学专业；研究生：法学（0301），法律类,本科及以上,1,1,,通过国家统一法律职业资格考试，取得《法律职业资格证书》（A证）资格；以研究生学历报考的，本科阶段应为普通高等学校毕业，并取得相应的学历、学位；其他要求详见2026年度山东省法院系统考试录用公务员简章,,,,
2026,山东,桓台县,山东 淄博市 桓台县,淄博市,桓台县,,13703012007000002,人民法院,淄博市中级人民法院,桓台县人民法院,法官助理职位B,本科：法学专业；研究生：法学（0301），法律类,本科及以上,1,1,,通过国家统一法律职业资格考试，取得《法律职业资格证书》（A证）资格；以研究生学历报考的，本科阶段应为普通高等学校毕业，并取得相应的学历、学位；其他要求详见2026年度山东省法院系统考试录用公务员简章,,,,
2026,山东,桓台县,山东 淄博市 桓台县,淄博市,桓台县,,13703012007000003,人民法院,淄博市中级人民法院,桓台县人民法院,法官助理职位C,本科：法学专业；研究生：法学（0301），法律类,本科及以上,1,1,,通过国家统一法律职业资格考试，取得《法律职业资格证书》（A证）资格；以研究生学历报考的，本科阶段应为普通高等学校毕业，并取得相应的学历、学位；其他要求详见2026年度山东省法院系统考试录用公务员简章,,,,
2026,山东,桓台县,山东 淄博市 桓台县,淄博市,桓台县,,13703013006000001,人民检察院,淄博市人民检察院,桓台县人民检察院,检察官助理职位A,本科：法学类；研究生：法学（0301），法律类,本科及以上,2,2,,通过国家统一法律职业资格考试，取得A类法律职业资格证书；取得普通高等学校本科学历、学士学位；其他要求详见《2026年度山东省检察机关考试录用公务员简章》,,,,
2026,山东,桓台县,山东 淄博市 桓台县,淄博市,桓台县,,13703013006000002,人民检察院,淄博市人民检察院,桓台县人民检察院,检察官助理职位B,本科：法学类，侦查学、经济犯罪侦查、犯罪学、技术侦查学专业；研究生：法学（0301），公安学一级学科（侦查学、犯罪学二级学科），法律类，警务专业学位,本科及以上,1,1,,通过国家统一法律职业资格考试，取得A类法律职业资格证书；取得普通高等学校本科学历、学士学位；其他要求详见《2026年度山东省检察机关考试录用公务员简章》,,,,
2026,山东,桓台县,山东 淄博市 桓台县,淄博市,桓台县,,13703013006000003,人民检察院,淄博市人民检察院,桓台县人民检察院,司法行政职位,本科：法学类，汉语言文学、新闻学、传播学专业；研究生：法学、中国语言文学、新闻传播学一级学科,本科及以上,1,1,,其他要求详见《2026年度山东省检察机关考试录用公务员简章》,,,,
2026,山东,桓台县,山东 淄博市 桓台县,淄博市,桓台县,,13703015012000001,公安局,淄博市公安局,桓台县公安局,网络安全与执法职位,本科：计算机类（计算机科学与技术、软件工程、信息安全、数据科学与大数据技术、网络空间安全专业），公安技术类（网络安全与执法、数据警务技术专业）；研究生：计算机科学与技术、软件工程、网络空间安全一级学科，公安技术一级学科（网络空间安全执法技术二级学科）、,本科及以上,1,1,,1.年龄为18周岁以上、30周岁以下，2026年应届硕士研究生和博士研究生报考的，年龄放宽到35周岁以下；2.按照招录公安机关人民警察要求开展体能测评；3.单侧矫正视力低于5.0，不合格；4.其他要求详见2026年度山东省公安机关考试录用公务员（人民警察）简章,,,,
2026,山东,桓台县,山东 淄博市 桓台县,淄博市,桓台县,,13703015012000002,公安局,淄博市公安局,桓台县公安局,法医职位,本科：法医学类（法医学专业），临床医学类（临床医学专业）；研究生：基础医学一级学科（法医学二级学科）、，临床医学一级学科（临床医学二级学科）、，法医学一级学科,本科及以上,2,2,,1.年龄为18周岁以上、35周岁以下；2.按照招录公安机关人民警察要求开展体能测评；3.单侧矫正视力低于5.0，不合格；4.其他要求详见2026年度山东省公安机关考试录用公务员（人民警察）简章,,,,
2026,山东,桓台县,山东 淄博市 桓台县,淄博市,桓台县,,13703015012000003,公安局,淄博市公安局,桓台县公安局,特警职位,不限,本科及以上,4,4,,1.年龄为18周岁以上、25周岁以下；2.按照招录公安机关人民警察要求开展体能测评；3.单侧裸眼视力低于4.8，不合格；4.其他要求详见2026年度山东省公安机关考试录用公务员（人民警察）简章,,,,
2026,山东,桓台县,山东 淄博市 桓台县,淄博市,桓台县,,13703019001000001,医疗保障局,淄博市医疗保障局,桓台分局,基金监管职位,本科：工商管理类（会计学、财务管理专业），公共管理类（公共事业管理、医疗保险专业），公共卫生与预防医学类（预防医学专业），基础医学类，临床医学类；研究生：工商管理学一级学科（会计学、财务学、财务管理二级学科），公共管理学一级学科（社会医学与卫生事业管理二级学科），公共卫生与预防医学一级学科（公共卫生与预防医学、流行病与卫生统计学二级学科），基础医学、临床医学一级学科,本科及以上,1,1,,,,,,
2026,山东,临淄区,山东 淄博市 临淄区,淄博市,临淄区,,13703005001000001,党委组织部,淄博市临淄区委组织部,临淄区纪委监委机关,纪检监察职位A,本科：法学类，公安学类；研究生：法学、公安学、纪检监察学一级学科,本科及以上,1,1,,能适应经常性出差；除符合公告规定的回避关系外，近亲属为本级或上一级纪检监察机关重点监督对象或在本级纪检监察机关工作的，也不得报考,,,,
2026,山东,临淄区,山东 淄博市 临淄区,淄博市,临淄区,,13703005001000002,党委组织部,淄博市临淄区委组织部,临淄区纪委监委机关,纪检监察职位B,本科：法学类，公安学类；研究生：法学、公安学、纪检监察学一级学科,本科及以上,1,1,,能适应经常性出差；除符合公告规定的回避关系外，近亲属为本级或上一级纪检监察机关重点监督对象或在本级纪检监察机关工作的，也不得报考,,,,
2026,山东,临淄区,山东 淄博市 临淄区,淄博市,临淄区,,13703005002000001,党委组织部,淄博市临淄区委组织部,临淄区委宣传部,网信管理职位,本科：计算机类，电子信息类；研究生：计算机科学与技术、软件工程、网络空间安全、电子科学与技术、信息与通信工程、智能科学与技术一级学科,本科及以上,1,1,,,,,,
2026,山东,临淄区,山东 淄博市 临淄区,淄博市,临淄区,,13703005003000001,党委组织部,淄博市临淄区委组织部,临淄区委社会工作部,综合文秘职位,本科：中国语言文学类，新闻传播学类，社会学类；研究生：中国语言文学、新闻传播学、社会学一级学科,本科及以上,1,1,,,,,,
2026,山东,临淄区,山东 淄博市 临淄区,淄博市,临淄区,,13703005004000001,党委组织部,淄博市临淄区委组织部,临淄区人民政府办公室,综合文秘职位A,不限,本科及以上,1,1,,,,,,
2026,山东,临淄区,山东 淄博市 临淄区,淄博市,临淄区,,13703005004000002,党委组织部,淄博市临淄区委组织部,临淄区人民政府办公室,综合文秘职位B,不限,本科及以上,1,1,,,,,,
2026,山东,临淄区,山东 淄博市 临淄区,淄博市,临淄区,,13703005005000001,党委组织部,淄博市临淄区委组织部,临淄区工业和信息化局,行政管理职位,本科：化工与制药类；研究生：化学工程与技术一级学科,本科及以上,1,1,,,,,,
2026,山东,临淄区,山东 淄博市 临淄区,淄博市,临淄区,,13703005006000001,党委组织部,淄博市临淄区委组织部,临淄区住房和城乡建设局,工程管理职位,本科：建筑类、计算机类；研究生：建筑学、计算机科学与技术、软件工程、网络空间安全一级学科,本科及以上,1,1,,,,,,
2026,山东,临淄区,山东 淄博市 临淄区,淄博市,临淄区,,13703005007000001,党委组织部,淄博市临淄区委组织部,临淄区交通运输局,交通运输职位,本科：交通运输类，土木类；研究生：交通运输、交通运输工程、土木工程一级学科,本科及以上,1,1,,,,,,
2026,山东,临淄区,山东 淄博市 临淄区,淄博市,临淄区,,13703005008000001,党委组织部,淄博市临淄区委组织部,临淄区卫生健康局,卫生管理职位,本科：临床医学类；研究生：临床医学一级学科,本科及以上,1,1,,,,,,
2026,山东,临淄区,山东 淄博市 临淄区,淄博市,临淄区,,13703005009000001,党委组织部,淄博市临淄区委组织部,临淄区行政审批服务局,行政管理职位,本科：计算机类；研究生：计算机科学与技术、软件工程、网络空间安全一级学科,本科及以上,1,1,,,,,,
2026,山东,临淄区,山东 淄博市 临淄区,淄博市,临淄区,,13703005010000001,党委组织部,淄博市临淄区委组织部,临淄区综合行政执法局,综合文秘职位,本科：中国语言文学类，新闻传播学类，法学类；研究生：中国语言文学、新闻传播学、法学一级学科,本科及以上,1,1,,,,,,
2026,山东,临淄区,山东 淄博市 临淄区,淄博市,临淄区,,13703005011000001,党委组织部,淄博市临淄区委组织部,临淄区统计局,行政管理职位,不限,专科及以上,1,1,,,,,,
2026,山东,临淄区,山东 淄博市 临淄区,淄博市,临淄区,,13703005012000001,党委组织部,淄博市临淄区委组织部,临淄区司法局,社区矫正职位,本科：法学类，公安学类，社会学类；研究生：法学、公安学、社会学一级学科,本科及以上,1,1,,录用后到稷下司法所工作,,,,
2026,山东,临淄区,山东 淄博市 临淄区,淄博市,临淄区,,13703005013000001,党委组织部,淄博市临淄区委组织部,临淄区体育事业发展中心,法律服务职位,专科：法律实务类；本科：法学类；研究生：法学（0301）,专科及以上,1,1,,,,,,
2026,山东,临淄区,山东 淄博市 临淄区,淄博市,临淄区,,13703005014000001,党委组织部,淄博市临淄区委组织部,临淄区劳动人事争议仲裁院,法律服务职位A,本科：法学类；研究生：法学（0301）,本科及以上,1,1,,,,,,
2026,山东,临淄区,山东 淄博市 临淄区,淄博市,临淄区,,13703005014000002,党委组织部,淄博市临淄区委组织部,临淄区劳动人事争议仲裁院,法律服务职位B,本科：法学类；研究生：法学（0301）,本科及以上,1,1,,,,,,
2026,山东,临淄区,山东 淄博市 临淄区,淄博市,临淄区,,13703005015000001,党委组织部,淄博市临淄区委组织部,临淄区畜牧渔业农机服务中心,动物卫生管理职位A,本科：动物生产类，动物医学类；研究生：畜牧学、兽医学一级学科,本科及以上,1,1,,,,,,
2026,山东,临淄区,山东 淄博市 临淄区,淄博市,临淄区,,13703005015000002,党委组织部,淄博市临淄区委组织部,临淄区畜牧渔业农机服务中心,动物卫生管理职位B,本科：动物生产类，动物医学类；研究生：畜牧学、兽医学一级学科,本科及以上,1,1,,,,,,
2026,山东,临淄区,山东 淄博市 临淄区,淄博市,临淄区,,13703005016000001,党委组织部,淄博市临淄区委组织部,临淄区齐都镇,工程管理职位A,本科：建筑类，土木类，管理科学与工程类；研究生：建筑学、土木工程、管理科学与工程一级学科,本科及以上,1,1,,,,,,
2026,山东,临淄区,山东 淄博市 临淄区,淄博市,临淄区,,13703005016000002,党委组织部,淄博市临淄区委组织部,临淄区齐都镇,工程管理职位B,本科：建筑类，土木类，管理科学与工程类；研究生：建筑学、土木工程、管理科学与工程一级学科,本科及以上,1,1,,,,,,
2026,山东,临淄区,山东 淄博市 临淄区,淄博市,临淄区,,13703005017000001,党委组织部,淄博市临淄区委组织部,临淄区金山镇,建设工程管理职位A,本科：建筑类，土木类；研究生：建筑学、土木工程一级学科,本科及以上,1,1,,,,,,
2026,山东,临淄区,山东 淄博市 临淄区,淄博市,临淄区,,13703005017000002,党委组织部,淄博市临淄区委组织部,临淄区金山镇,建设工程管理职位B,本科：建筑类，土木类；研究生：建筑学、土木工程一级学科,本科及以上,1,1,,,,,,
2026,山东,临淄区,山东 淄博市 临淄区,淄博市,临淄区,,13703005018000001,党委组织部,淄博市临淄区委组织部,临淄区敬仲镇,综合文秘职位,本科：中国语言文学类，新闻传播学类；研究生：中国语言文学、新闻传播学一级学科,本科及以上,1,1,,,,,,
2026,山东,临淄区,山东 淄博市 临淄区,淄博市,临淄区,,13703005019000001,党委组织部,淄博市临淄区委组织部,临淄区朱台镇,工程建筑管理职位,本科：交通运输类，土木类，管理科学与工程类；研究生：交通运输、交通运输工程、土木工程、管理科学与工程一级学科,本科及以上,1,1,,,,,,
2026,山东,临淄区,山东 淄博市 临淄区,淄博市,临淄区,,13703005019000002,党委组织部,淄博市临淄区委组织部,临淄区朱台镇,水利工程职位,本科：水利类；研究生：水利工程一级学科,本科及以上,1,1,,,,,,
2026,山东,临淄区,山东 淄博市 临淄区,淄博市,临淄区,,13703005020000001,党委组织部,淄博市临淄区委组织部,临淄区皇城镇,建设工程管理职位,本科：建筑类，土木类，管理科学与工程类；研究生：建筑学、土木工程、管理科学与工程一级学科,本科及以上,1,1,,,,,,
2026,山东,临淄区,山东 淄博市 临淄区,淄博市,临淄区,,13703005021000001,党委组织部,淄博市临淄区委组织部,临淄区凤凰镇,建设工程管理职位,本科：建筑类，土木类；研究生：建筑学、土木工程一级学科,本科及以上,1,1,,,,,,
2026,山东,临淄区,山东 淄博市 临淄区,淄博市,临淄区,,13703005021000002,党委组织部,淄博市临淄区委组织部,临淄区凤凰镇,安全监管职位,本科：化学类，化工与制药类，安全科学与工程类；研究生：化学、化学工程与技术、安全科学与工程一级学科,本科及以上,1,1,,,,,,
2026,山东,临淄区,山东 淄博市 临淄区,淄博市,临淄区,,13703005021000003,党委组织部,淄博市临淄区委组织部,临淄区凤凰镇,行政管理职位,不限,专科及以上,1,1,,,,,,
2026,山东,临淄区,山东 淄博市 临淄区,淄博市,临淄区,,13703005022000001,党委组织部,淄博市临淄区委组织部,临淄区辛店街道,行政管理职位,不限,专科及以上,1,1,,,,,,
2026,山东,临淄区,山东 淄博市 临淄区,淄博市,临淄区,,13703005023000001,党委组织部,淄博市临淄区委组织部,临淄区齐陵街道,农业农村服务职位A,本科：农业工程类，农业经济管理类；研究生：农业工程、农林经济管理一级学科,本科及以上,1,1,,,,,,
2026,山东,临淄区,山东 淄博市 临淄区,淄博市,临淄区,,13703005023000002,党委组织部,淄博市临淄区委组织部,临淄区齐陵街道,农业农村服务职位B,本科：农业工程类，农业经济管理类；研究生：农业工程、农林经济管理一级学科,本科及以上,1,1,,,,,,
2026,山东,临淄区,山东 淄博市 临淄区,淄博市,临淄区,,13703012006000001,人民法院,淄博市中级人民法院,临淄区人民法院,法官助理职位A,本科：法学专业；研究生：法学（0301），法律类,本科及以上,1,1,,通过国家统一法律职业资格考试，取得《法律职业资格证书》 (A证)资格；以研究生学历报考的，本科阶段应为普通高等学校毕业，并取得相应的学历、学位；其他要求详见2026年度山东省法院系统考试录用公务员简章,,,,
2026,山东,临淄区,山东 淄博市 临淄区,淄博市,临淄区,,13703012006000002,人民法院,淄博市中级人民法院,临淄区人民法院,法官助理职位Ｂ,本科：法学专业；研究生：法学（0301），法律类,本科及以上,1,1,,通过国家统一法律职业资格考试，取得《法律职业资格证书》 (A证)资格；以研究生学历报考的，本科阶段应为普通高等学校毕业，并取得相应的学历、学位；其他要求详见2026年度山东省法院系统考试录用公务员简章,,,,
2026,山东,临淄区,山东 淄博市 临淄区,淄博市,临淄区,,13703013005000001,人民检察院,淄博市人民检察院,临淄区人民检察院,检察官助理职位,本科：法学类；研究生：法学（0301），法律类,本科及以上,1,1,,通过国家统一法律职业资格考试，取得A类法律职业资格证书；取得普通高等学校本科学历、学士学位；其他要求详见《2026年度山东省检察机关考试录用公务员简章》,,,,
2026,山东,临淄区,山东 淄博市 临淄区,淄博市,临淄区,,13703015009000001,公安局,淄博市公安局,淄博市公安局临淄分局,特警职位A,不限,本科及以上,3,3,,1.年龄为18周岁以上、25周岁以下；2.按照招录公安机关人民警察要求开展体能测评；3.单侧裸眼视力低于4.8，不合格；4.其他要求详见2026年度山东省公安机关考试录用公务员（人民警察）简章,,,,
2026,山东,临淄区,山东 淄博市 临淄区,淄博市,临淄区,,13703015009000002,公安局,淄博市公安局,淄博市公安局临淄分局,特警职位B,不限,本科及以上,3,3,,1.年龄为18周岁以上、25周岁以下；2.按照招录公安机关人民警察要求开展体能测评；3.单侧裸眼视力低于4.8，不合格；4.其他要求详见2026年度山东省公安机关考试录用公务员（人民警察）简章,,,,
2026,山东,沂源县,山东 淄博市 沂源县,淄博市,沂源县,,13703008001000001,党委组织部,淄博市沂源县委组织部,沂源县发展和改革局,综合文秘职位,本科：中国语言文学类，新闻传播学类；研究生：中国语言文学、新闻传播学一级学科,本科及以上,1,1,,,,,,
2026,山东,沂源县,山东 淄博市 沂源县,淄博市,沂源县,,13703008002000001,党委组织部,淄博市沂源县委组织部,沂源县工业和信息化局,化工产业管理服务职位,本科：化学类，化工与制药类；研究生：化学、化学工程与技术一级学科,本科及以上,1,1,,,,,,
2026,山东,沂源县,山东 淄博市 沂源县,淄博市,沂源县,,13703008003000001,党委组织部,淄博市沂源县委组织部,沂源县人力资源和社会保障局,行政管理职位,本科：法学类，计算机类，工商管理类（会计学、财务管理、审计学专业）、；研究生：法学、计算机科学与技术一级学科，工商管理学一级学科（会计学、财务管理、财务学、审计学二级学科）、,本科及以上,1,1,,,,,,
2026,山东,沂源县,山东 淄博市 沂源县,淄博市,沂源县,,13703008004000001,党委组织部,淄博市沂源县委组织部,沂源县自然资源局,自然资源管理职位,本科：自然保护与环境生态类，地理科学类，测绘类，林学类，矿业类；研究生：地理学、测绘科学与技术、林学、矿业工程一级学科,本科及以上,1,1,,,,,,
2026,山东,沂源县,山东 淄博市 沂源县,淄博市,沂源县,,13703008005000001,党委组织部,淄博市沂源县委组织部,沂源县卫生健康局,卫生管理职位,本科：临床医学类，公共卫生与预防医学类，中医学类；研究生：临床医学、公共卫生与预防医学、中医学一级学科,本科及以上,1,1,,,,,,
2026,山东,沂源县,山东 淄博市 沂源县,淄博市,沂源县,,13703008006000001,党委组织部,淄博市沂源县委组织部,沂源县市场监督管理局,市场监管职位,本科：法学类（法学、知识产权专业），社会学类（社会学、社会工作、社会政策专业）；研究生：法学、社会学一级学科,本科及以上,1,1,,录用后到基层市场监管所工作,,,,
2026,山东,沂源县,山东 淄博市 沂源县,淄博市,沂源县,,13703008007000001,党委组织部,淄博市沂源县委组织部,沂源县司法局,司法行政职位,本科：法学类；研究生：法学（0301）,本科及以上,1,1,,录用后到基层司法所工作,,,,
2026,山东,沂源县,山东 淄博市 沂源县,淄博市,沂源县,,13703008008000001,党委组织部,淄博市沂源县委组织部,沂源县南麻街道,行政管理职位A,不限,本科及以上,1,1,,,,,,
2026,山东,沂源县,山东 淄博市 沂源县,淄博市,沂源县,,13703008008000002,党委组织部,淄博市沂源县委组织部,沂源县南麻街道,行政管理职位B,本科：法学类；研究生：法学（0301）,本科及以上,1,1,,,,,,
2026,山东,沂源县,山东 淄博市 沂源县,淄博市,沂源县,,13703008009000001,党委组织部,淄博市沂源县委组织部,沂源县历山街道,工程管理职位,本科：建筑类，土木类，管理科学与工程类；研究生：建筑学、土木工程、城乡规划学、管理科学与工程一级学科,本科及以上,1,1,,,,,,
2026,山东,沂源县,山东 淄博市 沂源县,淄博市,沂源县,,13703008009000002,党委组织部,淄博市沂源县委组织部,沂源县历山街道,经济管理职位,本科：经济学类（经济学、经济统计学、国民经济管理、商务经济学、经济工程、数字经济专业），工商管理类（工商管理、市场营销、会计学、财务管理、审计学、财务会计教育、市场营销教育、零售业管理、内部审计专业）；研究生：应用经济学、工商管理学一级学科,本科及以上,1,1,,,,,,
2026,山东,沂源县,山东 淄博市 沂源县,淄博市,沂源县,,13703008009000003,党委组织部,淄博市沂源县委组织部,沂源县历山街道,行政管理职位,不限,专科及以上,1,1,,,,,,
2026,山东,沂源县,山东 淄博市 沂源县,淄博市,沂源县,,13703008010000001,党委组织部,淄博市沂源县委组织部,沂源县南鲁山镇,城乡规划职位,本科：建筑类，土木类，农业工程类，管理科学与工程类（工程管理、工程造价、工程审计专业）、；研究生：建筑学、土木工程、城乡规划学、农业工程、管理科学与工程一级学科,本科及以上,1,1,,,,,,
2026,山东,沂源县,山东 淄博市 沂源县,淄博市,沂源县,,13703008011000001,党委组织部,淄博市沂源县委组织部,沂源县鲁村镇,综合文秘职位,本科：中国语言文学类，新闻传播学类；研究生：中国语言文学、新闻传播学一级学科,本科及以上,1,1,,,,,,
2026,山东,沂源县,山东 淄博市 沂源县,淄博市,沂源县,,13703008011000002,党委组织部,淄博市沂源县委组织部,沂源县鲁村镇,信息化管理职位,本科：计算机类；研究生：计算机科学与技术一级学科,本科及以上,1,1,,,,,,
2026,山东,沂源县,山东 淄博市 沂源县,淄博市,沂源县,,13703008011000003,党委组织部,淄博市沂源县委组织部,沂源县鲁村镇,工程管理职位,本科：建筑类，土木类，管理科学与工程类；研究生：建筑学、土木工程、城乡规划学、管理科学与工程一级学科,本科及以上,1,1,,,,,,
2026,山东,沂源县,山东 淄博市 沂源县,淄博市,沂源县,,13703008012000001,党委组织部,淄博市沂源县委组织部,沂源县大张庄镇,工程管理职位,本科：建筑类，土木类；研究生：建筑学、土木工程一级学科,本科及以上,1,1,,,,,,
2026,山东,沂源县,山东 淄博市 沂源县,淄博市,沂源县,,13703008012000002,党委组织部,淄博市沂源县委组织部,沂源县大张庄镇,农业农村经济管理职位,本科：计算机类，经济学类，植物生产类，农业经济管理类；研究生：经济学（02），农学（09），计算机科学与技术、农林经济管理一级学科,本科及以上,1,1,,,,,,
2026,山东,沂源县,山东 淄博市 沂源县,淄博市,沂源县,,13703008013000001,党委组织部,淄博市沂源县委组织部,沂源县中庄镇,农业农村服务职位,本科：植物生产类，计算机类；研究生：作物学、园艺学、植物保护、计算机科学与技术一级学科,本科及以上,1,1,,,,,,
2026,山东,沂源县,山东 淄博市 沂源县,淄博市,沂源县,,13703008014000001,党委组织部,淄博市沂源县委组织部,沂源县西里镇,综合文秘职位,不限,本科及以上,1,1,,,,,,
2026,山东,沂源县,山东 淄博市 沂源县,淄博市,沂源县,,13703008014000002,党委组织部,淄博市沂源县委组织部,沂源县西里镇,工程建设职位,本科：建筑类，土木类，管理科学与工程类；研究生：建筑学、土木工程、城乡规划学、管理科学与工程一级学科,本科及以上,1,1,,,,,,
2026,山东,沂源县,山东 淄博市 沂源县,淄博市,沂源县,,13703008015000001,党委组织部,淄博市沂源县委组织部,沂源县东里镇,规划建设职位,本科：建筑类，土木类；研究生：建筑学、土木工程一级学科,本科及以上,1,1,,,,,,
2026,山东,沂源县,山东 淄博市 沂源县,淄博市,沂源县,,13703008015000002,党委组织部,淄博市沂源县委组织部,沂源县东里镇,信息管理职位,本科：计算机类；研究生：计算机科学与技术一级学科,本科及以上,1,1,,,,,,
2026,山东,沂源县,山东 淄博市 沂源县,淄博市,沂源县,,13703008015000003,党委组织部,淄博市沂源县委组织部,沂源县东里镇,经济管理职位,本科：经济学类；研究生：应用经济学一级学科,本科及以上,1,1,,,,,,
2026,山东,沂源县,山东 淄博市 沂源县,淄博市,沂源县,,13703008016000001,党委组织部,淄博市沂源县委组织部,沂源县张家坡镇,规划建设职位,本科：建筑类，土木类，水利类；研究生：建筑学、土木工程、水利工程一级学科,本科及以上,1,1,,,,,,
2026,山东,沂源县,山东 淄博市 沂源县,淄博市,沂源县,,13703008017000001,党委组织部,淄博市沂源县委组织部,沂源县石桥镇,水利工程职位,本科：水利类；研究生：水利工程一级学科,本科及以上,1,1,,,,,,
2026,山东,沂源县,山东 淄博市 沂源县,淄博市,沂源县,,13703008018000001,党委组织部,淄博市沂源县委组织部,沂源县悦庄镇,经济管理职位A,本科：经济学类，计算机类；研究生：经济学（02），计算机科学与技术一级学科,本科及以上,1,1,,,,,,
2026,山东,沂源县,山东 淄博市 沂源县,淄博市,沂源县,,13703008018000002,党委组织部,淄博市沂源县委组织部,沂源县悦庄镇,经济管理职位B,本科：经济学类，计算机类；研究生：经济学（02），计算机科学与技术一级学科,本科及以上,1,1,,,,,,
2026,山东,沂源县,山东 淄博市 沂源县,淄博市,沂源县,,13703012009000001,人民法院,淄博市中级人民法院,沂源县人民法院,法官助理职位A,本科：法学专业；研究生：法学（0301），法律类,本科及以上,2,2,,通过国家统一法律职业资格考试，取得《法律职业资格证书》 (A证)资格；以研究生学历报考的，本科阶段应为普通高等学校毕业，并取得相应的学历、学位；其他要求详见2026年度山东省法院系统考试录用公务员简章,,,,
2026,山东,沂源县,山东 淄博市 沂源县,淄博市,沂源县,,13703012009000002,人民法院,淄博市中级人民法院,沂源县人民法院,法官助理职位B,本科：法学专业；研究生：法学（0301），法律类,本科及以上,2,2,,通过国家统一法律职业资格考试，取得《法律职业资格证书》 (A证)资格；以研究生学历报考的，本科阶段应为普通高等学校毕业，并取得相应的学历、学位；其他要求详见2026年度山东省法院系统考试录用公务员简章,,,,
2026,山东,沂源县,山东 淄博市 沂源县,淄博市,沂源县,,13703012009000003,人民法院,淄博市中级人民法院,沂源县人民法院,司法警察职位,本科：法学类（法学、司法警察学、监狱学专业），公安学类（治安学、侦查学、警卫学、犯罪学、公安管理学、警务指挥与战术、公安政治工作专业）；研究生：法学、公安学一级学科,本科及以上,1,1,,年龄应当在18周岁以上、30周岁以下（1994年11月至2007年11月期间出生），2026年应届硕士研究生和博士研究生报考的，放宽到35周岁以下（1989年11月以后出生）；体检适用《公务员录用体检特殊标准（试行）》中人民警察职位的体检标准；其他要求详见2026年度山东省法院系统考试录用公务员简章,,,,
2026,山东,沂源县,山东 淄博市 沂源县,淄博市,沂源县,,13703013008000001,人民检察院,淄博市人民检察院,沂源县人民检察院,检察官助理职位,本科：法学类；研究生：法学（0301），法律类,本科及以上,1,1,,通过国家统一法律职业资格考试，取得A类法律职业资格证书；取得普通高等学校本科学历、学士学位；其他要求详见《2026年度山东省检察机关考试录用公务员简章》,,,,
2026,山东,沂源县,山东 淄博市 沂源县,淄博市,沂源县,,13703013008000002,人民检察院,淄博市人民检察院,沂源县人民检察院,司法行政职位,本科：工商管理类（会计学专业、财务管理专业、审计学专业）；研究生：工商管理学一级学科（会计学、财务管理、财务学、审计学二级学科）,本科及以上,1,1,,其他要求详见《2026年度山东省检察机关考试录用公务员简章》,,,,
2026,山东,沂源县,山东 淄博市 沂源县,淄博市,沂源县,,13703015014000001,公安局,淄博市公安局,沂源县公安局,法医职位,本科：法医学类（法医学专业），医学技术类（医学检验技术专业）；研究生：法医学一级学科，基础医学一级学科（法医学二级学科）、，医学技术专业学位,本科及以上,1,1,,1.年龄为18周岁以上、35周岁以下；2.按照招录公安机关人民警察要求开展体能测评；3.单侧矫正视力低于5.0，不合格；4.其他要求详见2026年度山东省公安机关考试录用公务员（人民警察）简章,,,,
2026,山东,沂源县,山东 淄博市 沂源县,淄博市,沂源县,,13703015014000002,公安局,淄博市公安局,沂源县公安局,特警职位,不限,本科及以上,3,3,,1.年龄为18周岁以上、25周岁以下；2.按照招录公安机关人民警察要求开展体能测评；3.单侧裸眼视力低于4.8，不合格；4.其他要求详见2026年度山东省公安机关考试录用公务员（人民警察）简章,,,,
2026,山东,张店区,山东 淄博市 张店区,淄博市,张店区,,13703001001000001,党委组织部,淄博市张店区委组织部,张店区纪委监委机关,纪检监察职位A,本科：法学类，公安学类，心理学类，工商管理类（会计学、财务管理、审计学专业）、；研究生：法学、公安学、纪检监察学、心理学一级学科，工商管理学一级学科（会计学、财务管理、财务学、审计学二级学科）、,本科及以上,1,1,,身体健康，能适应经常性加班、出差；除符合公告规定的回避关系外，近亲属为本级或上一级纪检监察机关重点监督对象或在本级纪检监察机关工作的，也不得报考,,,,
2026,山东,张店区,山东 淄博市 张店区,淄博市,张店区,,13703001001000002,党委组织部,淄博市张店区委组织部,张店区纪委监委机关,纪检监察职位B,本科：法学类，公安学类，心理学类，工商管理类（会计学、财务管理、审计学专业）、；研究生：法学、公安学、纪检监察学、心理学一级学科，工商管理学一级学科（会计学、财务管理、财务学、审计学二级学科）、,本科及以上,1,1,,身体健康，能适应经常性加班、出差；除符合公告规定的回避关系外，近亲属为本级或上一级纪检监察机关重点监督对象或在本级纪检监察机关工作的，也不得报考,,,,
2026,山东,张店区,山东 淄博市 张店区,淄博市,张店区,,13703001002000001,党委组织部,淄博市张店区委组织部,张店区委宣传部,行政管理职位A,本科：中国语言文学类，计算机类；研究生：中国语言文学、计算机科学与技术一级学科,本科及以上,1,1,,,,,,
2026,山东,张店区,山东 淄博市 张店区,淄博市,张店区,,13703001002000002,党委组织部,淄博市张店区委组织部,张店区委宣传部,行政管理职位B,本科：中国语言文学类，计算机类；研究生：中国语言文学、计算机科学与技术一级学科,本科及以上,1,1,,,,,,
2026,山东,张店区,山东 淄博市 张店区,淄博市,张店区,,13703001003000001,党委组织部,淄博市张店区委组织部,张店区人民政府办公室,政务管理职位,本科：机械类，电气类，自动化类，土木类，建筑类；研究生：机械工程、电气工程、土木工程、建筑学、测绘科学与技术、化学工程与技术、地质资源与地质工程一级学科,本科及以上,2,2,,需24小时值班值守，经常出差，建议男性报考,,,,
2026,山东,张店区,山东 淄博市 张店区,淄博市,张店区,,13703001004000001,党委组织部,淄博市张店区委组织部,张店区工商业联合会,行政管理职位,本科：工商管理类，公共管理类；研究生：工商管理学、公共管理学一级学科,本科及以上,1,1,,,,,,
2026,山东,张店区,山东 淄博市 张店区,淄博市,张店区,,13703001005000001,党委组织部,淄博市张店区委组织部,张店区发展和改革局,经济管理职位A,本科：经济学类，工商管理类；研究生：经济学（02），工商管理学一级学科,本科及以上,1,1,,,,,,
2026,山东,张店区,山东 淄博市 张店区,淄博市,张店区,,13703001005000002,党委组织部,淄博市张店区委组织部,张店区发展和改革局,经济管理职位B,本科：经济学类，工商管理类；研究生：经济学（02），工商管理学一级学科,本科及以上,1,1,,,,,,
2026,山东,张店区,山东 淄博市 张店区,淄博市,张店区,,13703001006000001,党委组织部,淄博市张店区委组织部,张店区教育和体育局,教育管理职位A,本科：哲学类，法学类，政治学类，社会学类，教育学类，中国语言文学类，公共管理类，计算机类，土木类，建筑类；研究生：哲学、法学、政治学、社会学、教育学、中国语言文学、公共管理学、计算机科学与技术、土木工程、建筑学一级学科,本科及以上,1,1,,,,,,
2026,山东,张店区,山东 淄博市 张店区,淄博市,张店区,,13703001006000002,党委组织部,淄博市张店区委组织部,张店区教育和体育局,教育管理职位B,本科：哲学类，法学类，政治学类，社会学类，教育学类，中国语言文学类，公共管理类，计算机类，土木类，建筑类；研究生：哲学、法学、政治学、社会学、教育学、中国语言文学、公共管理学、计算机科学与技术、土木工程、建筑学一级学科,本科及以上,1,1,,,,,,
2026,山东,张店区,山东 淄博市 张店区,淄博市,张店区,,13703001007000001,党委组织部,淄博市张店区委组织部,张店区民政局,行政管理职位,不限,本科及以上,1,1,,,,,,
2026,山东,张店区,山东 淄博市 张店区,淄博市,张店区,,13703001008000001,党委组织部,淄博市张店区委组织部,张店区司法局,司法行政职位A,本科：法学类；研究生：法学（0301）,本科及以上,1,1,,工作强度大，经常加班，能够胜任夜间值班工作，录用后到镇街司法所工作,,,,
2026,山东,张店区,山东 淄博市 张店区,淄博市,张店区,,13703001008000002,党委组织部,淄博市张店区委组织部,张店区司法局,司法行政职位B,本科：法学类；研究生：法学（0301）,本科及以上,1,1,,工作强度大，经常加班，能够胜任夜间值班工作，录用后到镇街司法所工作,,,,
2026,山东,张店区,山东 淄博市 张店区,淄博市,张店区,,13703001009000001,党委组织部,淄博市张店区委组织部,张店区住房和城乡建设局,工程管理职位A,本科：管理科学与工程类，土木类（土木工程、城市地下空间工程专业）、；研究生：管理科学与工程、土木工程一级学科,本科及以上,1,1,,,,,,
2026,山东,张店区,山东 淄博市 张店区,淄博市,张店区,,13703001009000002,党委组织部,淄博市张店区委组织部,张店区住房和城乡建设局,工程管理职位B,本科：能源动力类，经济学类；研究生：理论经济学一级学科,本科及以上,1,1,,,,,,
2026,山东,张店区,山东 淄博市 张店区,淄博市,张店区,,13703001010000001,党委组织部,淄博市张店区委组织部,张店区交通运输局,法制管理职位,本科：法学类；研究生：法学（0301）,本科及以上,1,1,,需参与24小时值班值守工作,,,,
2026,山东,张店区,山东 淄博市 张店区,淄博市,张店区,,13703001011000001,党委组织部,淄博市张店区委组织部,张店区卫生健康局,卫生管理职位A,本科：工商管理类，临床医学类，公共卫生与预防医学类；研究生：工商管理学、临床医学、公共卫生与预防医学一级学科,本科及以上,1,1,,,,,,
2026,山东,张店区,山东 淄博市 张店区,淄博市,张店区,,13703001011000002,党委组织部,淄博市张店区委组织部,张店区卫生健康局,卫生管理职位B,本科：工商管理类，临床医学类，公共卫生与预防医学类；研究生：工商管理学、临床医学、公共卫生与预防医学一级学科,本科及以上,1,1,,,,,,
2026,山东,张店区,山东 淄博市 张店区,淄博市,张店区,,13703001012000001,党委组织部,淄博市张店区委组织部,张店区市场监督管理局,市场监管职位A,本科：机械类，材料类，电气类，食品科学与工程类，药学类，自动化类，经济学类，法学类，工商管理类，公共管理类，新闻传播学类；研究生：机械工程、材料科学与工程、电气工程、食品科学与工程、药学、理论经济学、应用经济学、法学、工商管理学、公共管理学一级学科,本科及以上,1,1,,,,,,
2026,山东,张店区,山东 淄博市 张店区,淄博市,张店区,,13703001012000002,党委组织部,淄博市张店区委组织部,张店区市场监督管理局,市场监管职位B,本科：机械类，材料类，电气类，食品科学与工程类，药学类，自动化类，经济学类，法学类，工商管理类，公共管理类，新闻传播学类；研究生：机械工程、材料科学与工程、电气工程、食品科学与工程、药学、理论经济学、应用经济学、法学、工商管理学、公共管理学一级学科,本科及以上,1,1,,,,,,
2026,山东,张店区,山东 淄博市 张店区,淄博市,张店区,,13703001013000001,党委组织部,淄博市张店区委组织部,张店区综合行政执法局,审计管理职位,本科：工商管理类（审计学、内部审计专业），管理科学与工程类（工程审计专业）；研究生：工商管理学一级学科（审计学二级学科）、,本科及以上,1,1,,,,,,
2026,山东,张店区,山东 淄博市 张店区,淄博市,张店区,,13703001014000001,党委组织部,淄博市张店区委组织部,张店区能源事业发展中心,行政管理职位,本科：法学类，工商管理类；研究生：法学、工商管理学一级学科,本科及以上,1,1,,,,,,
2026,山东,张店区,山东 淄博市 张店区,淄博市,张店区,,13703001015000001,党委组织部,淄博市张店区委组织部,张店区粮食物资储备服务中心,行政管理职位,不限,专科及以上,1,1,,,,,,
2026,山东,张店区,山东 淄博市 张店区,淄博市,张店区,,13703001016000001,党委组织部,淄博市张店区委组织部,张店区畜牧渔业服务中心,兽医管理职位,本科：动物医学类；研究生：兽医学一级学科,本科及以上,1,1,,,,,,
2026,山东,张店区,山东 淄博市 张店区,淄博市,张店区,,13703010001000001,纪委监委,淄博市纪委监委机关,机关,纪检监察职位A,本科：法学类，公安学类，电子信息类，计算机类，公安技术类；研究生：法学、纪检监察学、电子科学与技术、计算机科学与技术、软件工程、公安技术一级学科,本科及以上,1,1,,"1.除符合公告规定的回避关系外，与省、市纪委监委机关重点监督对象或在市纪委监委机关工作人员存有夫妻关系、直系血亲关系、三代以内旁系血亲关系以及近姻亲关系的也不能报考
2.受到诫勉、组织处理或者党纪政务处分的不能报考",,,,
2026,山东,张店区,山东 淄博市 张店区,淄博市,张店区,,13703010001000002,纪委监委,淄博市纪委监委机关,机关,纪检监察职位B,本科：法学类，公安学类，电子信息类，计算机类，公安技术类；研究生：法学、纪检监察学、计算机科学与技术、软件工程、公安技术一级学科,本科及以上,1,1,,"1.除符合公告规定的回避关系外，与省、市纪委监委机关重点监督对象或在市纪委监委机关工作人员存有夫妻关系、直系血亲关系、三代以内旁系血亲关系以及近姻亲关系的也不能报考
2.受到诫勉、组织处理或者党纪政务处分的不能报考",,,,
2026,山东,张店区,山东 淄博市 张店区,淄博市,张店区,,13703011001000001,党委宣传部,淄博市委宣传部,机关,行政管理职位,研究生：文学（05）、教育学（04）、工学（08）、经济学（02）,硕士研究生及以上,1,1,,,,,,
2026,山东,张店区,山东 淄博市 张店区,淄博市,张店区,,13703012001000001,人民法院,淄博市中级人民法院,机关,法官助理职位,研究生：法学（0301），法律类,硕士研究生及以上,1,1,,通过国家统一法律职业资格考试，取得《法律职业资格证书》(A证)资格；本科阶段应为普通高等学校毕业，并取得相应的学历、学位；其他要求详见2026年度山东省法院系统考试录用公务员简章,,,,
2026,山东,张店区,山东 淄博市 张店区,淄博市,张店区,,13703012002000001,人民法院,淄博市中级人民法院,张店区人民法院,法官助理职位A,本科：法学专业；研究生：法学（0301），法律类,本科及以上,1,1,,通过国家统一法律职业资格考试，取得《法律职业资格证书》（A证）资格；以研究生学历报考的，本科阶段应为普通高等学校毕业，并取得相应的学历、学位；其他要求详见2026年度山东省法院系统考试录用公务员简章,,,,
2026,山东,张店区,山东 淄博市 张店区,淄博市,张店区,,13703012002000002,人民法院,淄博市中级人民法院,张店区人民法院,法官助理职位B,本科：法学专业；研究生：法学（0301），法律类,本科及以上,1,1,,通过国家统一法律职业资格考试，取得《法律职业资格证书》 (A证)资格；以研究生学历报考的，本科阶段应为普通高等学校毕业，并取得相应的学历、学位；其他要求详见2026年度山东省法院系统考试录用公务员简章,,,,
2026,山东,张店区,山东 淄博市 张店区,淄博市,张店区,,13703012010000001,人民法院,淄博市中级人民法院,淄博高新技术产业开发区人民法院,法官助理职位A,研究生：法学（0301），法律类,硕士研究生及以上,3,3,,通过国家统一法律职业资格考试，取得《法律职业资格证书》（A证）资格；本科阶段应为普通高等学校毕业，并取得相应的学历、学位；其他要求详见2026年度山东省法院系统考试录用公务员简章,,,,
2026,山东,张店区,山东 淄博市 张店区,淄博市,张店区,,13703012010000002,人民法院,淄博市中级人民法院,淄博高新技术产业开发区人民法院,法官助理职位B,研究生：法学（0301），法律类,硕士研究生及以上,3,3,,通过国家统一法律职业资格考试，取得《法律职业资格证书》（A证）资格；本科阶段应为普通高等学校毕业，并取得相应的学历、学位；其他要求详见2026年度山东省法院系统考试录用公务员简章,,,,
2026,山东,张店区,山东 淄博市 张店区,淄博市,张店区,,13703013001000001,人民检察院,淄博市人民检察院,张店区人民检察院,司法行政职位,本科：中国语言文学类、新闻传播学类、公共管理类；研究生：中国语言文学、新闻传播学、公共管理学一级学科,本科及以上,1,1,,其他要求详见《2026年度山东省检察机关考试录用公务员简章》,,,,
2026,山东,张店区,山东 淄博市 张店区,淄博市,张店区,,13703013009000001,人民检察院,淄博市人民检察院,淄博高新技术产业开发区人民检察院,检察官助理职位,本科：法学类；研究生：法学（0301），法律类,本科及以上,1,1,,通过国家统一法律职业资格考试，取得A类法律职业资格证书；取得普通高等学校本科学历、学士学位；其他要求详见《2026年度山东省检察机关考试录用公务员简章》,,,,
2026,山东,张店区,山东 淄博市 张店区,淄博市,张店区,,13703014001000001,工业和信息化局,淄博市工业和信息化局,机关,行政管理职位,本科：机械类；研究生：机械工程一级学科,本科及以上,1,1,,,,,,
2026,山东,张店区,山东 淄博市 张店区,淄博市,张店区,,13703015001000001,公安局,淄博市公安局,机关,法制职位,研究生：法学、公安学一级学科,硕士研究生及以上,1,1,,1.年龄为18周岁以上、30周岁以下，2026年应届硕士研究生和博士研究生报考的，年龄放宽到35周岁以下；2.按照招录公安机关人民警察要求开展体能测评；3.单侧裸眼视力低于4.8，不合格；4.要求通过国家统一法律职业资格考试并取得A类法律职业资格证书；5.其他要求详见2026年度山东省公安机关考试录用公务员（人民警察）简章,,,,
2026,山东,张店区,山东 淄博市 张店区,淄博市,张店区,,13703015001000002,公安局,淄博市公安局,机关,网络安全与执法职位,研究生：计算机科学与技术、软件工程、网络空间安全一级学科,硕士研究生及以上,1,1,,1.年龄为18周岁以上、30周岁以下，2026年应届硕士研究生和博士研究生报考的，年龄放宽到35周岁以下；2.按照招录公安机关人民警察要求开展体能测评；3.单侧矫正视力低于5.0，不合格；4.要求大学本科阶段学习计算机类相关专业；5.其他要求详见2026年度山东省公安机关考试录用公务员（人民警察）简章,,,,
2026,山东,张店区,山东 淄博市 张店区,淄博市,张店区,,13703015001000003,公安局,淄博市公安局,机关,综合文秘职位,研究生：哲学、理论经济学、法学、政治学、马克思主义理论、中国语言文学、新闻传播学一级学科,硕士研究生及以上,1,1,,1.年龄为18周岁以上、30周岁以下，2026年应届硕士研究生和博士研究生报考的，年龄放宽到35周岁以下；2.按照招录公安机关人民警察要求开展体能测评；3.单侧裸眼视力低于4.8，不合格；4.其他要求详见2026年度山东省公安机关考试录用公务员（人民警察）简章,,,,
2026,山东,张店区,山东 淄博市 张店区,淄博市,张店区,,13703015001000004,公安局,淄博市公安局,机关,刑事技术职位,研究生：计算机科学与技术一级学科（计算机科学与技术、计算机应用技术、网络安全技术与工程、网络空间安全与保密、信息安全二级学科）、，软件工程一级学科（软件工程二级学科）、，网络空间安全一级学科（网络空间安全二级学科）、,硕士研究生及以上,1,1,,1.年龄为18周岁以上、30周岁以下，2026年应届硕士研究生和博士研究生报考的，年龄放宽到35周岁以下；2.按照招录公安机关人民警察要求开展体能测评；3.单侧矫正视力低于5.0，不合格；4.要求大学本科阶段学习计算机类相关专业；5.其他要求详见2026年度山东省公安机关考试录用公务员（人民警察）简章,,,,
2026,山东,张店区,山东 淄博市 张店区,淄博市,张店区,,13703015003000001,公安局,淄博市公安局,淄博市公安局张南分局,治安管理职位,本科：法学类（法学专业）；研究生：法学一级学科（法学、法学理论、刑法学、民商法学、诉讼法学、经济法学、网络法学、法与经济学、警事法学、知识产权、知识产权法、知识产权法学、侦查学、证据法学、治安学二级学科）、,本科及以上,1,1,,1.年龄为18周岁以上、30周岁以下，2026年应届硕士研究生和博士研究生报考的，年龄放宽到35周岁以下；2.按照招录公安机关人民警察要求开展体能测评；3.单侧裸眼视力低于4.8，不合格；4.其他要求详见2026年度山东省公安机关考试录用公务员（人民警察）简章,,,,
2026,山东,张店区,山东 淄博市 张店区,淄博市,张店区,,13703015005000001,公安局,淄博市公安局,淄博市公安局张店分局,特警职位,不限,本科及以上,5,5,,1.年龄为18周岁以上、25周岁以下；2.按照招录公安机关人民警察要求开展体能测评；3.单侧裸眼视力低于4.8，不合格；4.其他要求详见2026年度山东省公安机关考试录用公务员（人民警察）简章,,,,
2026,山东,张店区,山东 淄博市 张店区,淄博市,张店区,,13703015005000002,公安局,淄博市公安局,淄博市公安局张店分局,派出所民警职位,本科：法学类；研究生：法学（0301）,本科及以上,1,1,,1.年龄为18周岁以上、30周岁以下，2026年应届硕士研究生和博士研究生报考的，年龄放宽到35周岁以下；2.按照招录公安机关人民警察要求开展体能测评；3.单侧裸眼视力低于4.8，不合格；4.要求通过国家统一法律职业资格考试并取得A类法律职业资格证书；5.其他要求详见2026年度山东省公安机关考试录用公务员（人民警察）简章,,,,
2026,山东,张店区,山东 淄博市 张店区,淄博市,张店区,,13703015005000003,公安局,淄博市公安局,淄博市公安局张店分局,刑事侦查职位,本科：心理学类；研究生：心理学一级学科,本科及以上,1,1,,1.年龄为18周岁以上、30周岁以下，2026年应届硕士研究生和博士研究生报考的，年龄放宽到35周岁以下；2.按照招录公安机关人民警察要求开展体能测评；3.单侧裸眼视力低于4.8，不合格；4.其他要求详见2026年度山东省公安机关考试录用公务员（人民警察）简章,,,,
2026,山东,张店区,山东 淄博市 张店区,淄博市,张店区,,13703015010000001,公安局,淄博市公安局,淄博市公安局高新区分局,刑事侦查职位,本科：公安学类，公安技术类，法学类（法学专业）；研究生：法学、公安学、公安技术一级学科,本科及以上,2,2,,1.年龄为18周岁以上、30周岁以下，2026年应届硕士研究生和博士研究生报考的，年龄放宽到35周岁以下；2.按照招录公安机关人民警察要求开展体能测评；3.单侧裸眼视力低于4.8，不合格；4.其他要求详见2026年度山东省公安机关考试录用公务员（人民警察）简章,,,,
2026,山东,张店区,山东 淄博市 张店区,淄博市,张店区,,13703015010000002,公安局,淄博市公安局,淄博市公安局高新区分局,网络安全与执法职位,本科：计算机类（计算机科学与技术、软件工程、信息安全、数据科学与大数据技术、网络空间安全专业），公安技术类（网络安全与执法、数据警务技术专业）；研究生：计算机科学与技术、软件工程、网络空间安全一级学科，公安技术一级学科（网络空间安全执法技术二级学科）、,本科及以上,1,1,,1.年龄为18周岁以上、30周岁以下，2026年应届硕士研究生和博士研究生报考的，年龄放宽到35周岁以下；2.按照招录公安机关人民警察要求开展体能测评；3.单侧矫正视力低于5.0，不合格；4.其他要求详见2026年度山东省公安机关考试录用公务员（人民警察）简章,,,,
2026,山东,张店区,山东 淄博市 张店区,淄博市,张店区,,13703015010000003,公安局,淄博市公安局,淄博市公安局高新区分局,经济犯罪侦查职位,本科：公安学类（治安学、侦查学、经济犯罪侦查、公安情报学、犯罪学专业），公安技术类（数据警务技术专业），法学类（法学专业）；研究生：公安学一级学科（治安学、侦查学、犯罪学、公安学二级学科）、，公安技术一级学科（公安技术二级学科）、，法学一级学科,本科及以上,1,1,,1.年龄为18周岁以上、30周岁以下，2026年应届硕士研究生和博士研究生报考的，年龄放宽到35周岁以下；2.按照招录公安机关人民警察要求开展体能测评；3.单侧裸眼视力低于4.8，不合格；4.其他要求详见2026年度山东省公安机关考试录用公务员（人民警察）简章,,,,
2026,山东,张店区,山东 淄博市 张店区,淄博市,张店区,,13703015011000001,公安局,淄博市公安局,淄博市公安局经济开发区分局,特警职位A,不限,本科及以上,3,3,,1.年龄为18周岁以上、25周岁以下；2.按照招录公安机关人民警察要求开展体能测评；3.单侧裸眼视力低于4.8，不合格；4.其他要求详见2026年度山东省公安机关考试录用公务员（人民警察）简章,,,,
2026,山东,张店区,山东 淄博市 张店区,淄博市,张店区,,13703015011000002,公安局,淄博市公安局,淄博市公安局经济开发区分局,特警职位B,不限,本科及以上,3,3,,1.年龄为18周岁以上、25周岁以下；2.按照招录公安机关人民警察要求开展体能测评；3.单侧裸眼视力低于4.8，不合格；4.其他要求详见2026年度山东省公安机关考试录用公务员（人民警察）简章,,,,
2026,山东,张店区,山东 淄博市 张店区,淄博市,张店区,,13703016001000001,其他,淄博市自然资源和规划局,机关,自然资源管理职位,本科：计算机类，土地资源管理专业，地理科学类，矿业类，建筑类，林学类；研究生：地理学、矿业工程、建筑学、城乡规划学、林学、计算机科学与技术、软件工程、网络空间安全一级学科，土地资源管理二级学科,本科及以上,1,1,,,,,,
2026,山东,张店区,山东 淄博市 张店区,淄博市,张店区,,13703018001000001,市场监督管理局,淄博市市场监督管理局,淄博市知识产权事业发展中心,知识产权职位,研究生：应用经济学、法学、材料科学与工程、化学工程与技术、公共卫生与预防医学、药学、中药学、管理科学与工程、工商管理学、公共管理学一级学科,硕士研究生及以上,1,1,,,,,,
2026,山东,张店区,山东 淄博市 张店区,淄博市,张店区,,13703020001000001,国防动员办公室,淄博市国防动员办公室,机关,工程管理职位,本科：土木类，计算机类；研究生：土木工程、计算机科学与技术一级学科,本科及以上,1,1,,有较强的身体素质，适应长期高强度地下空间作业,,,,
2026,山东,张店区,山东 淄博市 张店区,淄博市,张店区,,13703021001000001,档案馆,淄博市档案馆,机关,档案管理职位,本科：档案学专业；研究生：档案学二级学科、,本科及以上,1,1,,,,,,
2026,山东,周村区,山东 淄博市 周村区,淄博市,周村区,,13703004001000001,党委组织部,淄博市周村区委组织部,周村区纪委监委机关,纪检监察职位,本科：计算机类（计算机科学与技术、软件工程、网络工程、电子与计算机工程专业），公安学类（侦查学、经济犯罪侦查专业），工商管理类（会计学、审计学专业）；研究生：计算机科学与技术、公安学一级学科，软件工程一级学科（软件工程二级学科）、，公安学一级学科（侦查学二级学科）、，法学一级学科（侦查学二级学科）、，工商管理学一级学科（会计学、审计学二级学科）、,本科及以上,1,1,,"1.该岗位需经常性加班、出差；
2.除符合公告规定的回避关系外，近亲属为本级或上一级纪检监察机关重点监督对象或在本级纪检监察机关工作的，也不得报考",,,,
2026,山东,周村区,山东 淄博市 周村区,淄博市,周村区,,13703004002000001,党委组织部,淄博市周村区委组织部,周村区委机构编制委员会办公室,行政管理职位A,本科：电子信息类，计算机类；研究生：电子科学与技术、信息与通信工程、计算机科学与技术一级学科,本科及以上,1,1,,,,,,
2026,山东,周村区,山东 淄博市 周村区,淄博市,周村区,,13703004002000002,党委组织部,淄博市周村区委组织部,周村区委机构编制委员会办公室,行政管理职位B,本科：电子信息类，计算机类；研究生：电子科学与技术、信息与通信工程、计算机科学与技术一级学科,本科及以上,1,1,,,,,,
2026,山东,周村区,山东 淄博市 周村区,淄博市,周村区,,13703004002000003,党委组织部,淄博市周村区委组织部,周村区委机构编制委员会办公室,数据分析职位A,本科：数学类，统计学类；研究生：数学、统计学一级学科，应用经济学一级学科（统计学二级学科）、,本科及以上,1,1,,,,,,
2026,山东,周村区,山东 淄博市 周村区,淄博市,周村区,,13703004002000004,党委组织部,淄博市周村区委组织部,周村区委机构编制委员会办公室,数据分析职位B,本科：数学类，统计学类；研究生：数学、统计学一级学科，应用经济学一级学科（统计学二级学科）、,本科及以上,1,1,,,,,,
2026,山东,周村区,山东 淄博市 周村区,淄博市,周村区,,13703004003000001,党委组织部,淄博市周村区委组织部,周村区人民政府办公室,行政管理职位A,本科：法学类（法学专业），工商管理类（会计学、财务管理专业）；研究生：法学一级学科（法学、宪法学与行政法学、经济法学二级学科），工商管理学一级学科（会计学、财务管理二级学科）,本科及以上,1,1,,,,,,
2026,山东,周村区,山东 淄博市 周村区,淄博市,周村区,,13703004003000002,党委组织部,淄博市周村区委组织部,周村区人民政府办公室,行政管理职位B,本科：法学类（法学专业），工商管理类（会计学、财务管理专业）；研究生：法学一级学科（法学、宪法学与行政法学、经济法学二级学科），工商管理学一级学科（会计学、财务管理二级学科）,本科及以上,1,1,,,,,,
2026,山东,周村区,山东 淄博市 周村区,淄博市,周村区,,13703004004000001,党委组织部,淄博市周村区委组织部,周村区发展和改革局,经济管理职位A,本科：经济学类，能源动力类；研究生：理论经济学、应用经济学、动力工程及工程热物理一级学科,本科及以上,1,1,,,,,,
2026,山东,周村区,山东 淄博市 周村区,淄博市,周村区,,13703004004000002,党委组织部,淄博市周村区委组织部,周村区发展和改革局,经济管理职位B,本科：经济学类，能源动力类；研究生：理论经济学、应用经济学、动力工程及工程热物理一级学科,本科及以上,1,1,,,,,,
2026,山东,周村区,山东 淄博市 周村区,淄博市,周村区,,13703004005000001,党委组织部,淄博市周村区委组织部,周村区财政局,财政金融职位A,本科：财政学类（财政学、税收学专业），金融学类（金融学专业），计算机类（计算机科学与技术、网络工程专业），工商管理类（会计学、财务管理专业）；研究生：应用经济学一级学科（财政学、税收学、金融学二级学科），计算机科学与技术一级学科（计算机科学与技术、计算机应用技术二级学科），工商管理学一级学科（会计学、财务管理二级学科）,本科及以上,1,1,,,,,,
2026,山东,周村区,山东 淄博市 周村区,淄博市,周村区,,13703004005000002,党委组织部,淄博市周村区委组织部,周村区财政局,财政金融职位B,本科：财政学类（财政学、税收学专业），金融学类（金融学专业），计算机类（计算机科学与技术、网络工程专业），工商管理类（会计学、财务管理专业）；研究生：应用经济学一级学科（财政学、税收学、金融学二级学科），计算机科学与技术一级学科（计算机科学与技术、计算机应用技术二级学科），工商管理学一级学科（会计学、财务管理二级学科）,本科及以上,1,1,,,,,,
2026,山东,周村区,山东 淄博市 周村区,淄博市,周村区,,13703004006000001,党委组织部,淄博市周村区委组织部,周村区人力资源和社会保障局,法律服务职位,本科：法学类；研究生：法学（0301）,本科及以上,1,1,,通过国家统一法律职业资格考试，取得《法律职业资格证书》（A证）资格,,,,
2026,山东,周村区,山东 淄博市 周村区,淄博市,周村区,,13703004007000001,党委组织部,淄博市周村区委组织部,周村区住房和城乡建设局,工程管理职位,本科：土木类（土木工程、建筑环境与能源应用工程、给排水科学与工程专业），公安技术类（消防工程专业）；研究生：土木工程一级学科（土木工程、岩土工程、结构工程、市政工程、消防工程二级学科），安全科学与工程一级学科（消防技术及工程二级学科）,本科及以上,1,1,,需经常深入建筑工地开展监督检查，工作强度较大,,,,
2026,山东,周村区,山东 淄博市 周村区,淄博市,周村区,,13703004008000001,党委组织部,淄博市周村区委组织部,周村区应急管理局,安全监管职位,本科：机械类，化工与制药类，矿业类，安全科学与工程类，计算机类；研究生：机械工程、化学工程与技术、石油与天然气工程、安全科学与工程、计算机科学与技术一级学科,本科及以上,1,1,,,,,,
2026,山东,周村区,山东 淄博市 周村区,淄博市,周村区,,13703004009000001,党委组织部,淄博市周村区委组织部,周村区综合行政执法局,行政管理职位,本科：法学类（法学专业），公共管理类（公共事业管理、行政管理、城市管理专业）；研究生：法学一级学科（法学二级学科），公共管理学一级学科（公共管理学、行政管理、城市管理二级学科）,本科及以上,1,1,,,,,,
2026,山东,周村区,山东 淄博市 周村区,淄博市,周村区,,13703004010000001,党委组织部,淄博市周村区委组织部,周村区老龄事业服务中心,行政管理职位,本科：社会学类（社会学、社会工作、老年学专业），新闻传播学类（新闻学专业），公共管理类（养老服务管理专业）；研究生：法学、社会学、新闻传播学、公共管理学一级学科,本科及以上,1,1,,,,,,
2026,山东,周村区,山东 淄博市 周村区,淄博市,周村区,,13703004011000001,党委组织部,淄博市周村区委组织部,周村区畜牧渔业服务中心,兽医管理职位,本科：动物生产类（动物科学专业），动物医学类（动物医学、动物药学、动植物检疫、中兽医学、兽医公共卫生专业）；研究生：畜牧学一级学科（畜牧学、动物遗传育种与繁殖、动物生产学二级学科），兽医学一级学科（兽医学、基础兽医学、预防兽医学、临床兽医学、动物医学工程、动物药学、兽医公共卫生与食品安全、中兽医学二级学科），药学一级学科（动物药学二级学科）,本科及以上,1,1,,需参与24小时值班值守,,,,
2026,山东,周村区,山东 淄博市 周村区,淄博市,周村区,,13703004012000001,党委组织部,淄博市周村区委组织部,周村区旅游事业发展中心,行政管理职位,本科：旅游管理类（旅游管理、酒店管理、会展经济与管理、旅游管理与服务教育专业），法学类（法学专业），计算机类（新媒体技术、电影制作专业），工商管理类（会计学、财务管理专业）；研究生：工商管理学一级学科（会计学、财务管理、旅游管理、会展管理二级学科），法学一级学科（法学二级学科）,本科及以上,1,1,,,,,,
2026,山东,周村区,山东 淄博市 周村区,淄博市,周村区,,13703004013000001,党委组织部,淄博市周村区委组织部,周村区王村镇,工程建设职位,不限,专科及以上,1,1,,能够适应现场应急处置、24小时值班值守等工作,,,,
2026,山东,周村区,山东 淄博市 周村区,淄博市,周村区,,13703004014000001,党委组织部,淄博市周村区委组织部,周村区南郊镇,规划建设职位,本科：土木类，水利类，环境科学与工程类；研究生：土木工程、水利工程、环境科学与工程一级学科,本科及以上,1,1,,能够适应现场应急处置、24小时值班值守等工作,,,,
2026,山东,周村区,山东 淄博市 周村区,淄博市,周村区,,13703004015000001,党委组织部,淄博市周村区委组织部,周村区北郊镇,工程建设职位,本科：建筑类（建筑学专业），土木类（土木工程、建筑环境与能源应用工程专业），安全科学与工程类（安全工程、安全生产监管专业）；研究生：建筑学、土木工程、安全科学与工程一级学科,本科及以上,1,1,,能够适应现场应急处置、24小时值班值守等工作,,,,
2026,山东,周村区,山东 淄博市 周村区,淄博市,周村区,,13703009001000001,社会工作部,淄博文昌湖省级旅游度假区工委组织人事部,淄博文昌湖省级旅游度假区工委社会工作部,司法行政职位,本科：法学类；研究生：法学（0301）,本科及以上,1,1,,录用后到萌水镇司法所工作,,,,
2026,山东,周村区,山东 淄博市 周村区,淄博市,周村区,,13703009002000001,财政局,淄博文昌湖省级旅游度假区工委组织人事部,淄博文昌湖省级旅游度假区财政局,财政管理职位,本科：经济学类，财政学类，金融学类，工商管理类（会计学、财务管理、审计学专业）、；研究生：理论经济学、应用经济学一级学科，工商管理学一级学科（会计学、财务管理、审计学二级学科）、,本科及以上,1,1,,,,,,
2026,山东,周村区,山东 淄博市 周村区,淄博市,周村区,,13703009003000001,市场监督管理局,淄博文昌湖省级旅游度假区工委组织人事部,淄博文昌湖省级旅游度假区市场监督管理局,市场监管职位,本科：机械类，电气类，电子信息类，自动化类，计算机类，食品科学与工程类，药学类；研究生：机械工程、电气工程、电子科学与技术、计算机科学与技术、食品科学与工程、药学一级学科,本科及以上,1,1,,,,,,
2026,山东,周村区,山东 淄博市 周村区,淄博市,周村区,,13703012005000001,人民法院,淄博市中级人民法院,周村区人民法院,法官助理职位A,本科：法学专业、知识产权专业；研究生：法学（0301），法律类,本科及以上,2,2,,通过国家统一法律职业资格考试，取得《法律职业资格证书》（A证）资格；以研究生学历报考的，本科阶段应为普通高等学校毕业，并取得相应的学历、学位；其他要求详见2026年度山东省法院系统考试录用公务员简章,,,,
2026,山东,周村区,山东 淄博市 周村区,淄博市,周村区,,13703012005000002,人民法院,淄博市中级人民法院,周村区人民法院,法官助理职位B,本科：法学专业、知识产权专业；研究生：法学（0301），法律类,本科及以上,2,2,,通过国家统一法律职业资格考试，取得《法律职业资格证书》（A证）资格；以研究生学历报考的，本科阶段应为普通高等学校毕业，并取得相应的学历、学位；其他要求详见2026年度山东省法院系统考试录用公务员简章,,,,
2026,山东,周村区,山东 淄博市 周村区,淄博市,周村区,,13703013004000001,人民检察院,淄博市人民检察院,周村区人民检察院,检察官助理职位,本科：法学类；研究生：法学（0301），法律类,本科及以上,1,1,,通过国家统一法律职业资格考试，取得A类法律职业资格证书；取得普通高等学校本科学历、学士学位；其他要求详见《2026年度山东省检察机关考试录用公务员简章》,,,,
2026,山东,周村区,山东 淄博市 周村区,淄博市,周村区,,13703013004000002,人民检察院,淄博市人民检察院,周村区人民检察院,司法行政职位,本科：中国语言文学类，新闻传播学类；研究生：中国语言文学一级学科、新闻传播学一级学科,本科及以上,1,1,,其他要求详见《2026年度山东省检察机关考试录用公务员简章》,,,,
2026,山东,周村区,山东 淄博市 周村区,淄博市,周村区,,13703015008000001,公安局,淄博市公安局,淄博市公安局周村分局,网络安全与执法职位,研究生：计算机科学与技术一级学科（计算机科学与技术、计算机系统结构、计算机软件与理论、计算机应用技术、数据科学和信息技术、数据科学、网络安全技术与工程、网络空间安全与保密、信息安全、人工智能、人工智能科学与工程二级学科）、，公安技术一级学科（网络空间安全执法技术二级学科）、，软件工程、网络空间安全一级学科,硕士研究生及以上,1,1,,1.年龄为18周岁以上、30周岁以下，2026年应届硕士研究生和博士研究生报考的，年龄放宽到35周岁以下；2.按照招录公安机关人民警察要求开展体能测评；3.单侧矫正视力低于5.0，不合格；4.其他要求详见2026年度山东省公安机关考试录用公务员（人民警察）简章,,,,
2026,山东,周村区,山东 淄博市 周村区,淄博市,周村区,,13703015008000002,公安局,淄博市公安局,淄博市公安局周村分局,特警职位,不限,本科及以上,5,5,,1.年龄为18周岁以上、25周岁以下；2.按照招录公安机关人民警察要求开展体能测评；3.单侧裸眼视力低于4.8，不合格；4.其他要求详见2026年度山东省公安机关考试录用公务员（人民警察）简章,,,,
2026,山东,周村区,山东 淄博市 周村区,淄博市,周村区,,13703016002000002,其他,淄博市自然资源和规划局,周村规划管理办公室,规划建设职位,本科：计算机类，建筑类；研究生：建筑学、城乡规划学、计算机科学与技术、软件工程、网络空间安全一级学科,本科及以上,1,1,,,,,,
2026,山东,周村区,山东 淄博市 周村区,淄博市,周村区,,13703017001000002,生态环境局,淄博市生态环境局,淄博市生态环境保护综合执法支队,环境执法职位B,本科：自动化类（自动化专业），核工程类（辐射防护与核安全专业）；研究生：控制科学与工程、核科学与技术一级学科,本科及以上,1,1,,能够适应经常性深入一线从事高空、夜间、野外环境工作，从事涉有毒有害、安全风险等执法工作,,,,
2026,山东,淄川区,山东 淄博市 淄川区,淄博市,淄川区,,13703002001000001,党委组织部,淄博市淄川区委组织部,淄川区委办公室,综合文秘职位,本科：经济学类，中国语言文学类，计算机类；研究生：理论经济学、应用经济学、中国语言文学、计算机科学与技术一级学科,本科及以上,1,1,,需参与24小时值班值守工作，工作强度大，经常加班,,,,
2026,山东,淄川区,山东 淄博市 淄川区,淄博市,淄川区,,13703002002000001,党委组织部,淄博市淄川区委组织部,淄川区人大常委会办公室,综合法规职位,本科：法学类；研究生：法学（0301）,本科及以上,1,1,,,,,,
2026,山东,淄川区,山东 淄博市 淄川区,淄博市,淄川区,,13703002003000001,党委组织部,淄博市淄川区委组织部,淄川区委统战部,综合文秘职位,不限,本科及以上,1,1,,,,,,
2026,山东,淄川区,山东 淄博市 淄川区,淄博市,淄川区,,13703002004000001,党委组织部,淄博市淄川区委组织部,淄川区委社会工作部,行政管理职位,本科：法学类，社会学类，中国语言文学类，新闻传播学类；研究生：法学、社会学、中国语言文学、新闻传播学一级学科,本科及以上,1,1,,,,,,
2026,山东,淄川区,山东 淄博市 淄川区,淄博市,淄川区,,13703002005000001,党委组织部,淄博市淄川区委组织部,淄川区总工会,计算机职位,本科：计算机类；研究生：计算机科学与技术一级学科,本科及以上,1,1,,,,,,
2026,山东,淄川区,山东 淄博市 淄川区,淄博市,淄川区,,13703002006000001,党委组织部,淄博市淄川区委组织部,共青团淄川区委,综合文秘职位,不限,本科及以上,1,1,,,,,,
2026,山东,淄川区,山东 淄博市 淄川区,淄博市,淄川区,,13703002007000001,党委组织部,淄博市淄川区委组织部,淄川区妇女联合会,机关党建职位,不限,本科及以上,1,1,,,,,,
2026,山东,淄川区,山东 淄博市 淄川区,淄博市,淄川区,,13703002008000001,党委组织部,淄博市淄川区委组织部,淄川区发展和改革局,经济管理职位,研究生：应用经济学一级学科,硕士研究生及以上,1,1,,能适应经常性加班出差,,,,
2026,山东,淄川区,山东 淄博市 淄川区,淄博市,淄川区,,13703002008000002,党委组织部,淄博市淄川区委组织部,淄川区发展和改革局,项目管理职位,本科：机械类，能源动力类；研究生：机械工程、动力工程及工程热物理一级学科,本科及以上,1,1,,能适应经常性加班出差,,,,
2026,山东,淄川区,山东 淄博市 淄川区,淄博市,淄川区,,13703002009000001,党委组织部,淄博市淄川区委组织部,淄川区司法局,综合文秘职位,本科：法学类，中国语言文学类，新闻传播学类；研究生：法学、中国语言文学、新闻传播学一级学科,本科及以上,1,1,,录用后到岭子司法所工作,,,,
2026,山东,淄川区,山东 淄博市 淄川区,淄博市,淄川区,,13703002010000001,党委组织部,淄博市淄川区委组织部,淄川区财政局,财务会计职位A,本科：工商管理类（会计学、财务管理、审计学专业）；研究生：工商管理学一级学科（会计学、财务管理、财务学、审计学二级学科）,本科及以上,1,1,,,,,,
2026,山东,淄川区,山东 淄博市 淄川区,淄博市,淄川区,,13703002010000002,党委组织部,淄博市淄川区委组织部,淄川区财政局,财务会计职位B,本科：工商管理类（会计学、财务管理、审计学专业）；研究生：工商管理学一级学科（会计学、财务管理、财务学、审计学二级学科）,本科及以上,1,1,,,,,,
2026,山东,淄川区,山东 淄博市 淄川区,淄博市,淄川区,,13703002011000001,党委组织部,淄博市淄川区委组织部,淄川区自然资源局,自然资源管理职位,本科：地理科学类，测绘类，地质类，矿业类，公共管理类（土地资源管理专业）、；研究生：地理学、测绘科学与技术、地质资源与地质工程、矿业工程一级学科，公共管理学一级学科（土地资源管理二级学科）、,本科及以上,1,1,,有夜间巡察执法和日常地质灾害、防火等巡查任务，适合男性,,,,
2026,山东,淄川区,山东 淄博市 淄川区,淄博市,淄川区,,13703002012000001,党委组织部,淄博市淄川区委组织部,淄川区住房和城乡建设局,规划建设职位,本科：土木类；研究生：土木工程一级学科,本科及以上,2,2,,需经常深入建筑工地开展监督检查，工作强度大,,,,
2026,山东,淄川区,山东 淄博市 淄川区,淄博市,淄川区,,13703002013000001,党委组织部,淄博市淄川区委组织部,淄川区商务局,财务会计职位,本科：工商管理类（会计学、财务管理、审计学专业）；研究生：工商管理学一级学科（会计学、财务管理、财务学、审计学二级学科）,本科及以上,1,1,,,,,,
2026,山东,淄川区,山东 淄博市 淄川区,淄博市,淄川区,,13703002014000001,党委组织部,淄博市淄川区委组织部,淄川区审计局,审计业务职位,本科：工商管理类（会计学、审计学专业）；研究生：工商管理学一级学科（会计学、审计学二级学科）,本科及以上,1,1,,能适应经常性加班出差,,,,
2026,山东,淄川区,山东 淄博市 淄川区,淄博市,淄川区,,13703002015000001,党委组织部,淄博市淄川区委组织部,淄川区行政审批服务局,行政管理职位,本科：经济学类，法学类，中国语言文学类；研究生：应用经济学、法学、中国语言文学一级学科,本科及以上,1,1,,,,,,
2026,山东,淄川区,山东 淄博市 淄川区,淄博市,淄川区,,13703002016000001,党委组织部,淄博市淄川区委组织部,淄川区市场监督管理局,市场监管职位A,本科：机械类，能源动力类；研究生：机械工程、动力工程及工程热物理一级学科,本科及以上,1,1,,录用后到镇街市场监管所工作,,,,
2026,山东,淄川区,山东 淄博市 淄川区,淄博市,淄川区,,13703002016000002,党委组织部,淄博市淄川区委组织部,淄川区市场监督管理局,市场监管职位B,本科：材料类，电气类；研究生：材料科学与工程、电气工程一级学科,本科及以上,1,1,,录用后到镇街市场监管所工作,,,,
2026,山东,淄川区,山东 淄博市 淄川区,淄博市,淄川区,,13703002016000003,党委组织部,淄博市淄川区委组织部,淄川区市场监督管理局,市场监管职位C,本科：机械类，材料类，电气类；研究生：机械工程、材料科学与工程、电气工程一级学科,本科及以上,1,1,,录用后到镇街市场监管所工作,,,,
2026,山东,淄川区,山东 淄博市 淄川区,淄博市,淄川区,,13703002016000004,党委组织部,淄博市淄川区委组织部,淄川区市场监督管理局,市场监管职位D,研究生：食品科学与工程、公共卫生与预防医学一级学科,硕士研究生及以上,1,1,,,,,,
2026,山东,淄川区,山东 淄博市 淄川区,淄博市,淄川区,,13703002016000005,党委组织部,淄博市淄川区委组织部,淄川区市场监督管理局,市场监管职位E,专科：能源动力与材料大类，装备制造大类；本科：机械类，材料类，能源动力类，电气类；研究生：机械工程、材料科学与工程、动力工程及工程热物理、电气工程一级学科,专科及以上,1,1,,录用后到镇街市场监管所工作,,,,
2026,山东,淄川区,山东 淄博市 淄川区,淄博市,淄川区,,13703002017000001,党委组织部,淄博市淄川区委组织部,淄川区综合行政执法局,综合法规职位,本科：法学类，工商管理类（物业管理专业）、；研究生：法学（0301），公共管理学一级学科（城市学、数字治理、智慧治理、城市管理、城市规划与管理、城市与区域管理、城乡公共治理二级学科）、,本科及以上,1,1,,,,,,
2026,山东,淄川区,山东 淄博市 淄川区,淄博市,淄川区,,13703002018000001,党委组织部,淄博市淄川区委组织部,淄川区畜牧渔业服务中心,畜牧兽医管理职位,本科：动物生产类，动物医学类；研究生：畜牧学、兽医学一级学科,本科及以上,1,1,,需从事夜间屠宰检疫等工作，适合男性,,,,
2026,山东,淄川区,山东 淄博市 淄川区,淄博市,淄川区,,13703002019000001,党委组织部,淄博市淄川区委组织部,淄川区应急管理综合行政执法大队,安全监管职位,本科：电气类；研究生：电气工程一级学科,本科及以上,1,1,,需参加突发应急事件处置，承担24小时值班值守任务等，适合男性,,,,
2026,山东,淄川区,山东 淄博市 淄川区,淄博市,淄川区,,13703002020000001,党委组织部,淄博市淄川区委组织部,淄川区昆仑镇,规划建设职位,本科：土木类，建筑类；研究生：土木工程、建筑学一级学科,本科及以上,1,1,,需参与24小时值班值守工作，工作强度大，经常加班,,,,
2026,山东,淄川区,山东 淄博市 淄川区,淄博市,淄川区,,13703002020000002,党委组织部,淄博市淄川区委组织部,淄川区昆仑镇,行政管理职位,不限,本科及以上,1,1,,,,,,
2026,山东,淄川区,山东 淄博市 淄川区,淄博市,淄川区,,13703002021000001,党委组织部,淄博市淄川区委组织部,淄川区双杨镇,安全生产监管职位,本科：法学类，化学类，化工与制药类，安全科学与工程类；研究生：法学、化学、化学工程与技术、安全科学与工程一级学科,本科及以上,1,1,,需参与24小时值班值守工作，工作强度大，经常加班,,,,
2026,山东,淄川区,山东 淄博市 淄川区,淄博市,淄川区,,13703002021000002,党委组织部,淄博市淄川区委组织部,淄川区双杨镇,行政管理职位,不限,本科及以上,1,1,,,,,,
2026,山东,淄川区,山东 淄博市 淄川区,淄博市,淄川区,,13703002022000001,党委组织部,淄博市淄川区委组织部,淄川区罗村镇,工程建设职位,本科：机械类，土木类，建筑类；研究生：机械工程、土木工程、建筑学一级学科,本科及以上,1,1,,需参与24小时值班值守工作，工作强度大，经常加班,,,,
2026,山东,淄川区,山东 淄博市 淄川区,淄博市,淄川区,,13703002023000001,党委组织部,淄博市淄川区委组织部,淄川区寨里镇,规划建设职位,本科：法学类，建筑类；研究生：法学、建筑学一级学科,本科及以上,1,1,,,,,,
2026,山东,淄川区,山东 淄博市 淄川区,淄博市,淄川区,,13703002023000002,党委组织部,淄博市淄川区委组织部,淄川区寨里镇,经济管理职位,本科：自动化类（自动化、机器人工程、智能装备与系统专业）；研究生：控制科学与工程一级学科,本科及以上,1,1,,,,,,
2026,山东,淄川区,山东 淄博市 淄川区,淄博市,淄川区,,13703002024000001,党委组织部,淄博市淄川区委组织部,淄川区龙泉镇,基层党建职位,不限,本科及以上,1,1,,,,,,
2026,山东,淄川区,山东 淄博市 淄川区,淄博市,淄川区,,13703002025000001,党委组织部,淄博市淄川区委组织部,淄川区岭子镇,综合法规职位,本科：法学类；研究生：法学（0301）,本科及以上,1,1,,山区乡镇，需参与24小时值班值守工作，工作强度大，经常加班,,,,
2026,山东,淄川区,山东 淄博市 淄川区,淄博市,淄川区,,13703002026000001,党委组织部,淄博市淄川区委组织部,淄川区西河镇,规划建设职位,专科：土木建筑大类，资源环境与安全大类；本科：土木类，测绘类；研究生：土木工程、测绘科学与技术一级学科,专科及以上,1,1,,山区乡镇，需参与24小时值班值守工作，工作强度大，经常加班,,,,
2026,山东,淄川区,山东 淄博市 淄川区,淄博市,淄川区,,13703002026000002,党委组织部,淄博市淄川区委组织部,淄川区西河镇,项目管理职位,本科：法学类，农业工程类，公共管理类；研究生：法学、农业工程、公共管理学一级学科,本科及以上,1,1,,山区乡镇，需参与24小时值班值守工作，工作强度大，经常加班,,,,
2026,山东,淄川区,山东 淄博市 淄川区,淄博市,淄川区,,13703002027000001,党委组织部,淄博市淄川区委组织部,淄川区太河镇,农业农村服务职位,本科：机械类，自动化类；研究生：机械工程、控制科学与工程一级学科,本科及以上,1,1,,山区乡镇，需参与24小时值班值守工作，工作强度大，经常加班,,,,
2026,山东,淄川区,山东 淄博市 淄川区,淄博市,淄川区,,13703012003000001,人民法院,淄博市中级人民法院,淄川区人民法院,法官助理职位,本科：法学专业；研究生：法学（0301），法律类,本科及以上,1,1,,通过国家统一法律职业资格考试，取得《法律职业资格证书》（A证）资格；以研究生学历报考的，本科阶段应为普通高等学校毕业，并取得相应的学历、学位；其他要求详见2026年度山东省法院系统招录公务员简章,,,,
2026,山东,淄川区,山东 淄博市 淄川区,淄博市,淄川区,,13703013002000001,人民检察院,淄博市人民检察院,淄川区人民检察院,检察官助理职位A,本科：法学类；研究生：法学（0301），法律类,本科及以上,2,2,,通过国家统一法律职业资格考试，取得A类法律职业资格证书；取得普通高等学校本科学历、学士学位；其他要求详见《2026年度山东省检察机关考试录用公务员简章》,,,,
2026,山东,淄川区,山东 淄博市 淄川区,淄博市,淄川区,,13703013002000002,人民检察院,淄博市人民检察院,淄川区人民检察院,检察官助理职位B,本科：法学类；研究生：法学（0301），法律类,本科及以上,2,2,,通过国家统一法律职业资格考试，取得A类法律职业资格证书；取得普通高等学校本科学历、学士学位；其他要求详见《2026年度山东省检察机关考试录用公务员简章》,,,,
2026,山东,淄川区,山东 淄博市 淄川区,淄博市,淄川区,,13703013002000003,人民检察院,淄博市人民检察院,淄川区人民检察院,检察官助理职位C,本科：法学类；研究生：法学（0301），法律类,本科及以上,1,1,,通过国家统一法律职业资格考试，取得A类法律职业资格证书；取得普通高等学校本科学历、学士学位；其他要求详见《2026年度山东省检察机关考试录用公务员简章》,,,,
2026,山东,淄川区,山东 淄博市 淄川区,淄博市,淄川区,,13703015004000001,公安局,淄博市公安局,淄博市公安局柳泉分局,法制职位,本科：法学类；研究生：法学（0301）,本科及以上,1,1,,1.年龄为18周岁以上、30周岁以下，2026年应届硕士研究生和博士研究生报考的，年龄放宽到35周岁以下；2.按照招录公安机关人民警察要求开展体能测评；3.单侧裸眼视力低于4.8，不合格；4.要求通过国家统一法律职业资格考试并取得A类法律职业资格证书；5.其他要求详见2026年度山东省公安机关考试录用公务员（人民警察）简章,,,,
2026,山东,淄川区,山东 淄博市 淄川区,淄博市,淄川区,,13703015006000001,公安局,淄博市公安局,淄博市公安局淄川分局,法制职位,本科：法学类；研究生：法学（0301）,本科及以上,1,1,,1.年龄为18周岁以上、30周岁以下，2026年应届硕士研究生和博士研究生报考的，年龄放宽到35周岁以下；2.按照招录公安机关人民警察要求开展体能测评；3.单侧裸眼视力低于4.8，不合格；4.要求通过国家统一法律职业资格考试并取得A类法律职业资格证书；5.其他要求详见2026年度山东省公安机关考试录用公务员（人民警察）简章,,,,
2026,山东,淄川区,山东 淄博市 淄川区,淄博市,淄川区,,13703015006000002,公安局,淄博市公安局,淄博市公安局淄川分局,派出所民警职位,本科：中国语言文学类，计算机类，法学类；研究生：中国语言文学、计算机科学与技术、法学一级学科,本科及以上,3,3,,1.年龄为18周岁以上、30周岁以下，2026年应届硕士研究生和博士研究生报考的，年龄放宽到35周岁以下；2.按照招录公安机关人民警察要求开展体能测评；3.单侧裸眼视力低于4.8，不合格；4.其他要求详见2026年度山东省公安机关考试录用公务员（人民警察）简章,,,,
2026,山东,淄川区,山东 淄博市 淄川区,淄博市,淄川区,,13703015006000003,公安局,淄博市公安局,淄博市公安局淄川分局,刑事侦查职位,研究生：心理学一级学科,硕士研究生及以上,1,1,,1.年龄为18周岁以上、30周岁以下，2026年应届硕士研究生和博士研究生报考的，年龄放宽到35周岁以下；2.按照招录公安机关人民警察要求开展体能测评；3.单侧裸眼视力低于4.8，不合格；4.其他要求详见2026年度山东省公安机关考试录用公务员（人民警察）简章,,,,
2026,山东,淄川区,山东 淄博市 淄川区,淄博市,淄川区,,13703015006000004,公安局,淄博市公安局,淄博市公安局淄川分局,特警职位,不限,本科及以上,4,4,,1.年龄为18周岁以上、25周岁以下；2.按照招录公安机关人民警察要求开展体能测评；3.单侧裸眼视力低于4.8，不合格；4.其他要求详见2026年度山东省公安机关考试录用公务员（人民警察）简章,,,,
2026,山东,淄川区,山东 淄博市 淄川区,淄博市,淄川区,,13703017001000001,生态环境局,淄博市生态环境局,淄博市生态环境保护综合执法支队,环境执法职位A,本科：自动化类（自动化专业），核工程类（辐射防护与核安全专业）；研究生：控制科学与工程、核科学与技术一级学科,本科及以上,1,1,,能够适应经常性深入一线从事高空、夜间、野外环境工作，从事涉有毒有害、安全风险等执法工作,,,,
